From	Entry	Entry Name	Protein names	Gene Names	Organism	Length	Sequence
SYTL2	A6QP06	SYTL2_BOVIN	Synaptotagmin-like protein 2	SYTL2	Bos taurus (Bovine)	943	MIDLSFLTEEEQEAIMKVLQRDAALKRAEEERVRHLPEKVKDDQQLKNMSGQWFYEAKAKRHRDRIHGADIIRVSMRKKRPQVADEQSKDRANRAKESWVNNVHKDAFLPPELTGVVEEPEEDVAPASPSSSVVNPVSTMIDASQENTRKSAISPAKPRKNPFNSSMLPEDHLSQQTKNEQSKNGKTGLFQTSKEGELSESKEESSILDISSQKLEKPKQTLPGPESGFPIKAPVPKPRKMIYKSQDLKQDDNQPFPRQRTDSLTTRGAPRGILKRNSSSSSTDSETVRFHQNFEPKSKIVSLGLTIHERISEKEHSLEDDSPSNSLEPLKHVRFSAVKDELPQSSGLVHGREVGEFSVLESDRLKNGTEDAGLTDEVWNDPQPSQYTNGLPFQSSASSPSPSKNETSQPTTSGSFPINEHPSSKEFLTTRAQSTENSHTINEHKTSSSELSKNPADELSCTEPESSQVPDCSSRDHQQGSEEEPSPVLKILERSAARKMPSKSLEDISSDSSNQAKVDNLPEELVRSAEDDQKADQEPDTNECIPGISTVSSQPDNQFSHPDKLKRMSKSVPAFLQDESDDRETDTASEGSYQLSRHKKSPSSLTNLSSNSGMTSLSSVSGSVMSVYSGDFGNLEVKGSIQFAIDYVDSLKELHVFVAQCKDLAAADIKKQRSDPYVKTYLLPDKGKMGKKKTLVVKKTLNPVYNEILRYKINKQILKTQKLNLSVWHRDTFKRNSFLGEVELDLETWDWDNKQNKQLKWYPLKRKTAPVPLEAENRGEMKLALQYVPEPVPGKKLPTTGEVHIWVKECLDLPLLRGSHLNSFVKCTILPDTSRKSRQKTRAVGKTTNPVFNHTMVYDGFRPEDLTEACVELTVWDHYKLTNQFLGGLRIGFGTGKSYGTEVDWMDSTSEEVALWEKMVKSPNTWIEAILPLRMLLIAKISK
SYTL2	Q99N50	SYTL2_MOUSE	Synaptotagmin-like protein 2 (Exophilin-4)	Sytl2 Slp2	Mus musculus (Mouse)	950	MIDLSFLTEEEQDAILKVLQRDAALKRAEEERVRHLPEKIKDDQQLKNMSGQWFYEAKAKRHRDKIHGADIIRASMRRKKLPAAAEQNKDTAMRAKESWVNNVNKDAVLPPEIAVVEEPEDDTDPAGPSSSLVDPASSVIDMSQESTRTPAVSLPKQRKNPFNSPKLPEDHSLQQTKPEQSKTGKAGLFQISKEGELSESKEKSSIPDMPRQQLEKPKQTVSTEPENASHTKAPIPKARKLIYKSNDLEKDDNQSFPRQRRDSLNARGAPRGILKRNSSSSSTDSETLRLNYNLDPKSKILSPGLTIHERISEKEFSLEDDSSTSSLEPLKHVRFSAVKNELPQSPRPVLGQEVGEFTVLESDQLQNGTEDAGDIEEFQNHPELSHKTPLSHYQLVSSPSDSGREREQLMSSGSAPRDEIPCHSDILPTGPQCVESSSVINGQQEKSSHFTKLPSELSKSPSDELTQCGEPEPSQTADHSFRDHRQGSEEEHSPVLKTLERRAARKLPSKSLEDIPSDSSNQAKVDNLPEELVRSAEDDQKADQEPDTNECIPGISTVPSLPDNQFSHPDKLKRMSKSVPAFLQDESDDRETDTASESSYQLRRYKKSPSSLTNLSSSSGMTSLSSASGSVMSVYSGDFGNLEVKGSVQFALDYVESLKELHVFVAQCKDLAAADVKKQRSDPYVKTYLLPDKGKMGKKKTLVVKKTLNPVYNEILRYKIERQFLKTQKLNLSVWHRDTFKRNSFLGEVELDLETWDWDSKQNKQLKWYPLKRKTAPVALETENRGEMKLALQYVPEPSPGKKLPTTGEVHIWVKECLDLPLLRGSHLNSFVKCTILPDTSRKSRQKTRAVGKTTNPVFNHTMVYDGFRPEDLMEACVELTVWDHYKLTNQFLGGLRIGFGTGKSYGTEVDWMDSTSEEVALWEKMVNSPNTWVEATLPLRMLLIAKLSK
SYTL2	Q9HCH5	SYTL2_HUMAN	Synaptotagmin-like protein 2 (Breast cancer-associated antigen SGA-72M) (Exophilin-4)	SYTL2 KIAA1597 SGA72M SLP2 SLP2A	Homo sapiens (Human)	934	MIDLSFLTEEEQEAIMKVLQRDAALKRAEEERVRHLPEKIKDDQQLKNMSGQWFYEAKAKRHRDKIHGADIIRASMRKKRPQIAAEQSKDRENGAKESWVNNVNKDAFLPPELAGVVEEPEEDAAPASPSSSVVNPASSVIDMSQENTRKPNVSPEKRKNPFNSSKLPEGHSSQQTKNEQSKNGRTGLFQTSKEDELSESKEKSTVADTSIQKLEKSKQTLPGLSNGSQIKAPIPKARKMIYKSTDLNKDDNQSFPRQRTDSLKARGAPRGILKRNSSSSSTDSETLRYNHNFEPKSKIVSPGLTIHERISEKEHSLEDNSSPNSLEPLKHVRFSAVKDELPQSPGLIHGREVGEFSVLESDRLKNGMEDAGDTEEFQSDPKPSQYRKPSLFHQSTSSPYVSKSETHQPMTSGSFPINGLHSHSEVLTARPQSMENSPTINEPKDKSSELTRLESVLPRSPADELSHCVEPEPSQVPGGSSRDRQQGSEEEPSPVLKTLERSAARKMPSKSLEDISSDSSNQAKVDNQPEELVRSAEDVSTVPTQPDNPFSHPDKLKRMSKSVPAFLQDESDDRETDTASESSYQLSRHKKSPSSLTNLSSSSGMTSLSSVSGSVMSVYSGDFGNLEVKGNIQFAIEYVESLKELHVFVAQCKDLAAADVKKQRSDPYVKAYLLPDKGKMGKKKTLVVKKTLNPVYNEILRYKIEKQILKTQKLNLSIWHRDTFKRNSFLGEVELDLETWDWDNKQNKQLRWYPLKRKTAPVALEAENRGEMKLALQYVPEPVPGKKLPTTGEVHIWVKECLDLPLLRGSHLNSFVKCTILPDTSRKSRQKTRAVGKTTNPIFNHTMVYDGFRPEDLMEACVELTVWDHYKLTNQFLGGLRIGFGTGKSYGTEVDWMDSTSEEVALWEKMVNSPNTWIEATLPLRMLLIAKISK
CENPJ	Q569L8	CPAP_MOUSE	Centrosomal P4.1-associated protein (Centromere protein J) (CENP-J) (Centrosome assembly and centriole elongation protein)	Cpap Cenpj	Mus musculus (Mouse)	1344	MFLMPTSSELNSGQNFLTQWMTSPSRAGVILNRGFPILEADDKQAATNVSTSFPAKATHFSNSFSISSEEDSFHEEQKLEAGGPYKPWSENPEAPPVFPSVRKEPIASRQDAPGCQEDNNNDLTPHLESEFKEVANKNPLFKKLEQLKEIQQKKQEQLKRQQLEQLQRLMEEQEKLLTMVSAQHAFPGTLLPDDQSQKHRSPGDLTLPPHSYSNPTQENSCASNVLPDEQSNFCRATQDSVLTSKNASDLFYESQYQEAHVKRNDLKEESPAHPSGEGALPRWEKKMGRSQEGKDVNLQKCGDSSEVVNIDERPIKAAVREKQQTFEDYLEEQIQLEERELRQKQLQEAEGPLLAKTKPKQPFLKRGEGLARFTNAKSKFQKGKESKLASTQSPSEDQPGSKVDRQHLQRKTALINKDLCAETPTVKKDSKARPKAGFASLRQKPKVTKTNMRESLSPPGLKVQTGKKRDGQFRHQVKGERNAHASNKENVPACIKPWDAGCKMWSKTQGRERLPLSTGPVGCVVSRSPIRETDRETESSLDFSLQKKLEIWEREKEKENLELDEFLFLERAADEISFSSNSSFVLRILERDQQICDGHRLSSTPVKAVQQREAQQADPRGQSNCSEIPRYGVAHENESECEAMLLSWGSGSPDGLRELSCKRSMKAFQTSTSEIQSQWDARDDGVANSDSSTESEEQHDITIKPSTEVGDRVFSNREDSPQVCDAKGPIRDTGAQEDKWRDADLDLSDKECSSDESVIVESLNNKVLEPLRLPSSQAGSKIDFDDERSWTDLEENPYEHGVIHREEAIYGTPQTQCHSKSEGCVLDKTIKRKIAPVKKGEDFKCDRRISPPPPSDLMVKFFPSLKPKPKLDSHLENESKLNLSQDQPPEFMVCFIGDSVRSQVLREKVTELESEIEKFKAENTSLAKLRIERESALEKLRKEIADFEQQKARELARIEEYRKEETRKLQKERKVFEKYTAAARTFPDKKEREEIQALKQQIADLQEDLKRKETKWSSTQSRLRSQIEMLVKENTDLREEIKVMERFRLDAWKRAEAMENSPKACQYMMATKKDESMNSSFQFQKSHVSSGVQVEKYKKKYLPAQGNLSRRIKSAPPRDLGSSDKGQAALPREPLQQVNFPDLEYKNKEEKEEEIQGEISHPDGKVEKIYKNGRRVVLFPNGTRKEVSADGKSVTVTFFNGDVKQVMPDERVVYYYAAAQTTHTTYPEGLEVLHFSSGQIEKHFPDGRKEITFPDQTIKTLFADGQEESIFPDGTIVRVQRDGNKIIEFNNGQRELHTAQFKRREYPDGTVKTVYANGHQETKYTSGRVRVKDKDGNVLMDTEM
CENPJ	Q5BQN8	CPAP_PANTR	Centrosomal P4.1-associated protein (Centromere protein J) (CENP-J) (Centrosome assembly and centriole elongation protein)	CPAP CENPJ	Pan troglodytes (Chimpanzee)	1338	MFLMPTSSELNSGQNFLTQWMTNPSRAGVILNRGFPILEADKEKRAAVDISTSFPIKGTHFSDSFSFINEEDSLLEEQKLESNSPYKPQSDKSETHTGFPCIKKGPQVAACHSAPGHQEENKNDFIPHLASEFKEGAYKDPLFKKLEQLKEVQQKKQEQLKRQQLEQLQRLMEEQEKLLTMVSGQCTLPGLSLLPDDQSQKHRSPGNTTTGERATCCFPSYVYPDPTQEETYASNILSHEQSNFCRTAHGDFVLTSKRASPNLFSEAQYQEAPVEKNNLKEENRNHPTGESILSCWEKVTEQIQEANDKNLQKHDDSSEVANIEERPIKAAIGERKQTFEDYLEEQIQLEEQELKQKQLKEAEGPLPIKAKPKQPFLKRGEGLARFTNAKSKFQKGKESKLVTNQSTSEDQPLFKMDRQQLQRKTALKNKELCADNPILKKDSKARTKSGSVTLSQKPKMLKCSNRKSLSPSGLKIQTGKKCDGQFRDQIKFEKKVTSNNKENVPECPKPCDTGCTGWNKTQGKDRLPLSTGPASRLAAKSPIRETMKESESSLDVSLQKKLETWEREKEKENLELDEFLFLEQAADEISFSSNSSFVLKILERDQQICKGHRMSSTPVKAVPQKTNPADPISHCNRSEDLDHTAREKESECEVAPKQLHSLSSADELREQPCKIRKAVQKSTSENQTEWNARDDEGVPNSDSSTNSEEQLDVTIKPSTEDRERGISSREDSPQVCDDKGPFKDTRTQEDKRRDVDLDLSDKDYSSDESSMESIKHKVSEPSRSSSLSMSKMDFDDERTWTDLEENLCNHDVVLGNESTYGTPQTCYPNNEIGILDKTIKRKIAPVKRGEDLSKSRRSRSPPTSELMMKFFPSLKPKPKSDSHLGNEPKLNINQDQPPGDNARSQVLREKIIELETEIEKFKAENASLAKLRIERESALEKLRKEIADFEQQKAKELARIEEFKKEEMRKLQKERKVFEKYTTAARTFPDKKEREEIQTLKQQIADLREDLKRKETKWSSTHSRLRSQIEMLVRENTDLREEIKVMERFRLDAWKRAEAIESSLEVEKKDKLANTXVRFQNSQISSGTQVEKYKKNYLPMQGNPPRRSKSAPPRDLGSLDKGQAASPREPPEPLNFPDPEYKEEEDQDIQGEISHPDGKVEKVYKNGCRVILFPNGTRKEVSADGKTITVTFFNGDVKQVMPDQRVIYYYAAAQTTHTTYPEGLEVLHFSSGQIEKHYPDGRKEITFPDQTVKNLFPDGQEESIFPDGTTVRVQRDGNKLIEFNNGQRELHTAQFKRREYPDGTVKTVYANGHQETKYRSGRIRVKDKEGNVLMDTEL
CENPJ	Q9HC77	CPAP_HUMAN	Centrosomal P4.1-associated protein (Centromere protein J) (CENP-J) (Centrosome assembly and centriole elongation protein) (LAG-3-associated protein) (LYST-interacting protein 1)	CPAP CENPJ LAP LIP1	Homo sapiens (Human)	1338	MFLMPTSSELNSGQNFLTQWMTNPSRAGVILNRGFPILEADKEKRAAVDISTSFPIKGTHFSDSFSFINEEDSLLEEQKLESNNPYKPQSDKSETHTAFPCIKKGPQVAACHSAPGHQEENKNDFIPDLASEFKEGAYKDPLFKKLEQLKEVQQKKQEQLKRQQLEQLQRLMEEQEKLLTMVSGQCTLPGLSLLPDDQSQKHRSPGNTTTGERATCCFPSYVYPDPTQEETYPSNILSHEQSNFCRTAHGDFVLTSKRASPNLFSEAQYQEAPVEKNNLKEENRNHPTGESILCWEKVTEQIQEANDKNLQKHDDSSEVANIEERPIKAAIGERKQTFEDYLEEQIQLEEQELKQKQLKEAEGPLPIKAKPKQPFLKRGEGLARFTNAKSKFQKGKESKLVTNQSTSEDQPLFKMDRQQLQRKTALKNKELCADNPILKKDSKARTKSGSVTLSQKPKMLKCSNRKSLSPSGLKIQTGKKCDGQFRDQIKFENKVTSNNKENVTECPKPCDTGCTGWNKTQGKDRLPLSTGPASRLAAKSPIRETMKESESSLDVSLQKKLETWEREKEKENLELDEFLFLEQAADEISFSSNSSFVLKILERDQQICKGHRMSSTPVKAVPQKTNPADPISHCNRSEDLDHTAREKESECEVAPKQLHSLSSADELREQPCKIRKAVQKSTSENQTEWNARDDEGVPNSDSSTDSEEQLDVTIKPSTEDRERGISSREDSPQVCDDKGPFKDTRTQEDKRRDVDLDLSDKDYSSDESIMESIKHKVSEPSRSSSLSLSKMDFDDERTWTDLEENLCNHDVVLGNESTYGTPQTCYPNNEIGILDKTIKRKIAPVKRGEDLSKSRRSRSPPTSELMMKFFPSLKPKPKSDSHLGNELKLNISQDQPPGDNARSQVLREKIIELETEIEKFKAENASLAKLRIERESALEKLRKEIADFEQQKAKELARIEEFKKEEMRKLQKERKVFEKYTTAARTFPDKKEREEIQTLKQQIADLREDLKRKETKWSSTHSRLRSQIQMLVRENTDLREEIKVMERFRLDAWKRAEAIESSLEVEKKDKLANTSVRFQNSQISSGTQVEKYKKNYLPMQGNPPRRSKSAPPRDLGNLDKGQAASPREPLEPLNFPDPEYKEEEEDQDIQGEISHPDGKVEKVYKNGCRVILFPNGTRKEVSADGKTITVTFFNGDVKQVMPDQRVIYYYAAAQTTHTTYPEGLEVLHFSSGQIEKHYPDGRKEITFPDQTVKNLFPDGQEESIFPDGTIVRVQRDGNKLIEFNNGQRELHTAQFKRREYPDGTVKTVYANGHQETKYRSGRIRVKDKEGNVLMDTEL
BRCA2	B4IH30	BRCA2_DROSE	Breast cancer type 2 susceptibility protein homolog	Brca2 GM11870	Drosophila sechellia (Fruit fly)	938	MDQKGASGSRPNRLSQGKEAYACERSATVSVAANRNNIINEMAKICEADRQTSAIARRTQVHERLAVANSDFVAVEDLILAYAEPTPEDQVEMIMRDFCSSPTYEEDEDEPSFESEPWFRFRNKRIRTYSRKRDPRSYMAVRTEKPRGTSGLSVQRDLNTSFTSMACDFDAASSQKIHEVLLNLSQYFSATAKTSSPTPVPSQIDLPTEARQDSGKECFNAEVENLRDDLLQNGFTFEASIYDNEHEQEGSEKFNVCSDAEIAEHKKLLKGPTQAEHVGKEENPNFILEGIPLSEWLTPMEPPMISKDVIKNIPDKKVKLEPSFQKEQKSSKDSNESKIRAPSKPSCDITEKNEGTTVLDQPYAAQQENLSNDGDLLEEFLFNEWHPMQCSNGPSTSNDAIQVPKEEINSIKRTDEEQPEKETPNKSRSTSSHQLSFRKTSLKFIEISEEMKIKGEKFVDKVISGLYHPSHKCNLRTEEYSDNHSQVMESTQCVEFKSALNKPIELLDKKETYDMLAKVEVGEINGKCSPLNNEAIAEPEFCGFRTASNKAIPISEKMKIKTAEFMAEFQYKETNHQNDYLVNQPNDNSTSVGLDTVLKKSIEISEEMPTKASKLVVVDTRLGEPHQPTLDPVCSDLNEPQFFGFRTASKKAIEITEAMEKRGAMFLAQSRATDQQAEWQPSDFPDIPHTSPKNEIHSINVENNKAVHTKTASETEFFGFRTASNKGIVISENTKMKVAQFMSEFQAADASTDSNKPIVISEEPSNIAAKFVDEAAAEDSPSKSTFCNVQSQENPLNIEHFKHDLFVKRSAKEEHPLCSQPLVRTPRRSLEIHSSLSQLAGQSPLDQATKKSVIARRNLLSLKRKRKIVSSTETSTSCASPDMERFAPKPSSTSTPLADRDLNRSKDCAKNRQDAEDMSPICMQPKKSRRLGLSRSRY
BRCA2	B4QC10	BRCA2_DROSI	Breast cancer type 2 susceptibility protein homolog	Brca2 GD11868	Drosophila simulans (Fruit fly)	944	MDQNGASGSRPNRLSQGKEAYACERSATVSAAADRSNIINEMAKICEADRQTSAIARRTQVHERLAVANSDFVAVEDLILAYAEPTPEDQVEMIMRDFCSSPTYEEDEDEPSYESEPWFRFRNKRIRTYSRKRDPKSYMAVRTEKSSGTSGLSVQRDLNTSSTSVACDFDAASSQKIHEVLLNLSQYFSATAKASSPTPVPSQIDLPTEARQDSGDECFNAEVENLRDDLLQNGFTFEASIYDNEHEQEDSGKFNVCSDADSTPKKTDVEIAEHKKHLKGPTQAEHVGKEENTNFILEGIPLSEWLTPMEPPKISKDVIKNIPDKKVKLEPSSQKEQKSSKDSNESKIRAASCDITKKNEGTTVLDQPNAAQQENLSNDGDLLEEFLFNEWHPMQCSNGPSTSNDAIKVPKEEINSIKRNDEEQPEKETPNKSRSTSSHQLSFRKTFLKFIEISGEMKIKGEKFVEKVVSGLHHPSHKCNLRTEEYSDNHSQVMESTQRVEFKSALSKPIELLDEKETYDMLAKVEVGEINGKCSPLNNETIAEPEFCGFRTASNKAIPISEKMKIKTAEFMAEFQSKETNHQNDYLVNQPNDNSTSVGRDTAFKKSIEISEEMPTKASKLVVVDTTLGEPHQPKIDPVCSDLNESQFFGFRTASNKAIEITEAMEKRGAMFLAQSRATDQQAEWQPSDFPDIPHTSPKNEIHSINVENTKAVHTKTASETEFFGFRTASNKGIVISENTKKKVAQFMSEFQAADASTDSNKPIVISEESRNIAAKFVDEAATEDSPNKPTFCNVQSQENPLDIEHFKHDLFVERSAKEEHPLCSQPLVRTPRRSQEIHSSLSQLAGQSPLDQATKKSVIARRNLLSLKRKRKIVSSTETSTSCASPAMERFAPKPSSTSTPLADRDLNRSKDCAKNRQDAEDMSPICMQPKKSRRLGLSRSRY
BRCA2	O35923	BRCA2_RAT	Breast cancer type 2 susceptibility protein homolog (Fanconi anemia group D1 protein homolog)	Brca2 Fancd1	Rattus norvegicus (Rat)	3343	MTVEYKRRPTFWEIFKARCSTADLGPISLNWFEELFSEAPPYNTEHPEESEYKPQGHEPQLFKTPQRNPSYHQFASTPIMFKEQSQTLPLDQSPFKELGNVVANSKRKHHSKKKARKDPVVDVASLPLKACPSESPCTPRCTQVAPQRRKPVVSGSLFYTPKLEETPKHISESLGVEVDPDMSWTSSLATPPTLSSTVLIARDEEAHRNAFPADSPASLKSYFSNHNESLKKNDRFIPSVSDSENKSQQEAFSQGLEKMLGDSSSKINRFRDCLRKPIPNVLEDGETAVDTSGEDSFSLCFPKRRTRNLQKTRMGKMKKKIFSETRTDGLSEEARGQADDKNSFALEIEPRDSEPLDPSVTNQKPLYSQSGDISSEAGQCSDSIWSQPDPSGLNGTQTRKIPLLHISFHKQSILEDFIDMKKEGTGSITFPHISSLPEPEKMFSEETLVDKEHEGQHLESLEDSISGKQMVSGTSQTACLSPSIRKSIVKMREPLEETLDTVFSDSMTSSAFTEELDASAGGLEIHTACSQREDSLCPSSVDTGSWPTTLTDTSATVKNAGLITTLKNKRRKFIYSVSDDASHQGKKLQTQRQSELTNLSAPFEASAFEVPFPFTNVDSGIPDSSIKRSNLPNDPEEPSLSLTNSFVTAASKEISYIHALISQDLNDKEAILSEEKPQPYTALEADFLSCLPERSCENDQKSPKVSDRKEKVLVSACRPSGRLAAAVQLSSISFDSQENPLGSHNVTSTLKLTPSPKTPLSKPVVVSRGKMCKMPEKLQCKSCKDNIELSKNIPLGVNEMCVLSENSETPELLPPLEYITEVSSSVKSQFNQNTKIAVVQKDQKDSTFISEVTVHMNSEELFPEKENNFAFQVTNESNKPNIGSTVEFQEEDLSHAKGHSLKNSPMTVDRDLDDEQAGQVLITEDSDSLAVVHDCTKKSRNTIEQHQKGTADKDFKSNSSLYLKSDGNNDYLDKWSEFLDPLMNHKLGGSFRTASNKEIKLSEDNVKKSKMFFKDIEEQYPTSLDCIDTVSTLQLANKKRLSEPHTFDLKSGTTVSTQCHSQSSVSHEDTHTAPQMLSSKQDFHSSHNLTPSQKAEITELSTILEESGSQFEFTQFKNPSHIAQNNTSAVLGNQMAVVRTASEEWKDVDLHLPLNPSSVGQIDHNKKFECLVGVKQSSSHLLEDTCNQNTSCFLPIKEMEFGGFCSALGTKLSVSNEALRKAMKLFSDIENISEEPSTKVGPRGFSSCAHHDSVASVFKIKKQNTDKSFDEKSSKCQVTVQNNKEMTTCILVDENPENYVKNIKQDNNYTGSQRNAYKLENSDVSKSSTSGTVYINKGDSDLPFAAEKGNKYPESCTQYVREENAQIKESVSDLTCLEVMKAEETCHMKSSDKEQLPSDKMEQNMKEFNISFQTASGKNIRVSKESLNKSVNILDQETEDLTVTSDSLNSKILCGINKDKMHISCHKKSINIKKVFEEHFPIGTVSQLPALQQYPEYEIESIKEPTLLSFHTASGKKVKIMQESLDKVKNLFDETQYVRKTTNFGHQESKPLKDREDYKERLTLAYEKIEVTASKCEEMQNFVSKQTEMLPQQNDHMYRQTENLTSNGSSPKVHGNIENKIEKNPRICCICQSSYFVTEDSALACYTGDSRKTCVGESSLSKGKKWLREQSDKLGTRNTIEIQCVKEHTEDFAGNALYEHSLVIIRTEIDTSHVSENQASTLFSDPNVCHSYLSHSSFCHHDDMHNDSGYFLKDKIDSDVQPDMKNTEGNAIFPKISATKEIKLHPQTVNEECVQKLETNASPYANKNIAIDSAMLDLRNCKVGSPVFITTHSQETVRMKEIFTDNCSKIVEQNRESKPDTCQTSCHKALDNSEDFICPSSSGDVCINSPMAIFYPQSEQILQHNQSVSGLKKAATPPVSLETWDTCKSIRGSPQEVHPSRTYGFFSTASGKAVQVSDASLEKARQVFSEIDGDAKQLASMVSLEGNEKSHHSVKRESSVVHNTHGVLSLRKTLPGNVSSFVFSGFSTAGGKLVTVSESALHKVKGMLEEFDLIRTEHTLQHSPTPEDVSKIPPQPCLESRTPEYSVSSKLQKTYNDKSRSPSNYKESGSSGNTQSLEVSPQLSQMERKQETQSVLGTKVSQRKTNILEKKQNLPQNIKIESNKMETFSDVSMKTNVGEYYSKEPENYFETEAVEIAKAFMEDDELTDSEQTHAKCSLFACPQNEALLNSRTRKRGGMAGVAVGQPPIKRSLLNEFDRIIESKGKSLTPSKSTPDGTIKDRRLFTHHMSLEPVTCGPFCSSKERQETQSPHVTSPAQGLQSKEHPSRHSAVGKSSSNPTVSALRSERTRHSVSDKSTKVFVPPFKVKSRFHRDEHFDSKNVNLEGKNQKSADGVSEDGNDSDFPQFNKDLMSSLQNARDLQDIRIKNKERHHLCPQPGSLYLTKSSTLPRISLQAAVGDSVPSACSPKQLYMYGVSKACISVNSKNAEYFQFAIEDHFGKEALCAGKGFRLADGGWLIPSDDGKAGKEEFYRALCDTPGVDPKLISSVWVSNHYRWIVWKLAAMEFAFPKEFANRCLNPERVLLQLKYRYDVEIDNSSRSALKKILERDDTAAKTLVLCVSDIISLSTNVSETSGSKASSEDSNKVDTIELTDGWYAVKAQLDPPLLALVKSGRLTVGQKIITQGAELVGSPDACAPLEAPDSLRLKISANSTRPARWHSKLGFFHDPRPFPLPLSSLFSDGGNVGCVDVIVQRVYPLQWVEKTVSGSYIFRNEREEEKEALRFAEAQQKKLEALFTKVHTELKEHEEDIAQRRVLSRALTRQQVHALQDGAELYAAVQDASDPEHLETCFSEEQLRALNNYRQMLSDKKQARIQSEFRKALEAAEKEEGLSRDVSTVWKLRVTSYKKREKSALLSIWRPSSDLPSLLTEGQRYRIYHLSVSKSKNKFEWPSIQLTATKRTQYQQLPVSSETLLQLYQPRELLPFSKLSDPAFQPPCSEVDVVGVVVSVVKPIGLAPLVYLSDECLHLLVVKFGIDLNEDIKPRVLIAASNLQWRPESTSRVPTLFAGNFSVFSASPKEAHFQERVTNMKHAIENIDTFYKEAEKKLIQVLKGDSPKWSTPNKDPTREPYPASTCSASDLASGGQLPRSSPTDQQSYRSPLSCCTPTGKSTPLAHSAWMAAKSCSGENEIEDPKTCRKKRALDLLSRLPLPPPLSPVCTFVSPAAQKAFQPPRSCGTKYPTPLKKEGPSSPWSRAPFQKASGVSLLDCDSVADEELALLSTQALVPHSVGGSEQVFPSDSTRTEGPSASTEARPANRSKRESLRDCRDDSDGKLAAETVPDYS
BRCA2	P51587	BRCA2_HUMAN	Breast cancer type 2 susceptibility protein (Fanconi anemia group D1 protein)	BRCA2 FACD FANCD1	Homo sapiens (Human)	3418	MPIGSKERPTFFEIFKTRCNKADLGPISLNWFEELSSEAPPYNSEPAEESEHKNNNYEPNLFKTPQRKPSYNQLASTPIIFKEQGLTLPLYQSPVKELDKFKLDLGRNVPNSRHKSLRTVKTKMDQADDVSCPLLNSCLSESPVVLQCTHVTPQRDKSVVCGSLFHTPKFVKGRQTPKHISESLGAEVDPDMSWSSSLATPPTLSSTVLIVRNEEASETVFPHDTTANVKSYFSNHDESLKKNDRFIASVTDSENTNQREAASHGFGKTSGNSFKVNSCKDHIGKSMPNVLEDEVYETVVDTSEEDSFSLCFSKCRTKNLQKVRTSKTRKKIFHEANADECEKSKNQVKEKYSFVSEVEPNDTDPLDSNVANQKPFESGSDKISKEVVPSLACEWSQLTLSGLNGAQMEKIPLLHISSCDQNISEKDLLDTENKRKKDFLTSENSLPRISSLPKSEKPLNEETVVNKRDEEQHLESHTDCILAVKQAISGTSPVASSFQGIKKSIFRIRESPKETFNASFSGHMTDPNFKKETEASESGLEIHTVCSQKEDSLCPNLIDNGSWPATTTQNSVALKNAGLISTLKKKTNKFIYAIHDETSYKGKKIPKDQKSELINCSAQFEANAFEAPLTFANADSGLLHSSVKRSCSQNDSEEPTLSLTSSFGTILRKCSRNETCSNNTVISQDLDYKEAKCNKEKLQLFITPEADSLSCLQEGQCENDPKSKKVSDIKEEVLAAACHPVQHSKVEYSDTDFQSQKSLLYDHENASTLILTPTSKDVLSNLVMISRGKESYKMSDKLKGNNYESDVELTKNIPMEKNQDVCALNENYKNVELLPPEKYMRVASPSRKVQFNQNTNLRVIQKNQEETTSISKITVNPDSEELFSDNENNFVFQVANERNNLALGNTKELHETDLTCVNEPIFKNSTMVLYGDTGDKQATQVSIKKDLVYVLAEENKNSVKQHIKMTLGQDLKSDISLNIDKIPEKNNDYMNKWAGLLGPISNHSFGGSFRTASNKEIKLSEHNIKKSKMFFKDIEEQYPTSLACVEIVNTLALDNQKKLSKPQSINTVSAHLQSSVVVSDCKNSHITPQMLFSKQDFNSNHNLTPSQKAEITELSTILEESGSQFEFTQFRKPSYILQKSTFEVPENQMTILKTTSEECRDADLHVIMNAPSIGQVDSSKQFEGTVEIKRKFAGLLKNDCNKSASGYLTDENEVGFRGFYSAHGTKLNVSTEALQKAVKLFSDIENISEETSAEVHPISLSSSKCHDSVVSMFKIENHNDKTVSEKNNKCQLILQNNIEMTTGTFVEEITENYKRNTENEDNKYTAASRNSHNLEFDGSDSSKNDTVCIHKDETDLLFTDQHNICLKLSGQFMKEGNTQIKEDLSDLTFLEVAKAQEACHGNTSNKEQLTATKTEQNIKDFETSDTFFQTASGKNISVAKESFNKIVNFFDQKPEELHNFSLNSELHSDIRKNKMDILSYEETDIVKHKILKESVPVGTGNQLVTFQGQPERDEKIKEPTLLGFHTASGKKVKIAKESLDKVKNLFDEKEQGTSEITSFSHQWAKTLKYREACKDLELACETIEITAAPKCKEMQNSLNNDKNLVSIETVVPPKLLSDNLCRQTENLKTSKSIFLKVKVHENVEKETAKSPATCYTNQSPYSVIENSALAFYTSCSRKTSVSQTSLLEAKKWLREGIFDGQPERINTADYVGNYLYENNSNSTIAENDKNHLSEKQDTYLSNSSMSNSYSYHSDEVYNDSGYLSKNKLDSGIEPVLKNVEDQKNTSFSKVISNVKDANAYPQTVNEDICVEELVTSSSPCKNKNAAIKLSISNSNNFEVGPPAFRIASGKIVCVSHETIKKVKDIFTDSFSKVIKENNENKSKICQTKIMAGCYEALDDSEDILHNSLDNDECSTHSHKVFADIQSEEILQHNQNMSGLEKVSKISPCDVSLETSDICKCSIGKLHKSVSSANTCGIFSTASGKSVQVSDASLQNARQVFSEIEDSTKQVFSKVLFKSNEHSDQLTREENTAIRTPEHLISQKGFSYNVVNSSAFSGFSTASGKQVSILESSLHKVKGVLEEFDLIRTEHSLHYSPTSRQNVSKILPRVDKRNPEHCVNSEMEKTCSKEFKLSNNLNVEGGSSENNHSIKVSPYLSQFQQDKQQLVLGTKVSLVENIHVLGKEQASPKNVKMEIGKTETFSDVPVKTNIEVCSTYSKDSENYFETEAVEIAKAFMEDDELTDSKLPSHATHSLFTCPENEEMVLSNSRIGKRRGEPLILVGEPSIKRNLLNEFDRIIENQEKSLKASKSTPDGTIKDRRLFMHHVSLEPITCVPFRTTKERQEIQNPNFTAPGQEFLSKSHLYEHLTLEKSSSNLAVSGHPFYQVSATRNEKMRHLITTGRPTKVFVPPFKTKSHFHRVEQCVRNINLEENRQKQNIDGHGSDDSKNKINDNEIHQFNKNNSNQAVAVTFTKCEEEPLDLITSLQNARDIQDMRIKKKQRQRVFPQPGSLYLAKTSTLPRISLKAAVGGQVPSACSHKQLYTYGVSKHCIKINSKNAESFQFHTEDYFGKESLWTGKGIQLADGGWLIPSNDGKAGKEEFYRALCDTPGVDPKLISRIWVYNHYRWIIWKLAAMECAFPKEFANRCLSPERVLLQLKYRYDTEIDRSRRSAIKKIMERDDTAAKTLVLCVSDIISLSANISETSSNKTSSADTQKVAIIELTDGWYAVKAQLDPPLLAVLKNGRLTVGQKIILHGAELVGSPDACTPLEAPESLMLKISANSTRPARWYTKLGFFPDPRPFPLPLSSLFSDGGNVGCVDVIIQRAYPIQWMEKTSSGLYIFRNEREEEKEAAKYVEAQQKRLEALFTKIQEEFEEHEENTTKPYLPSRALTRQQVRALQDGAELYEAVKNAADPAYLEGYFSEEQLRALNNHRQMLNDKKQAQIQLEIRKAMESAEQKEQGLSRDVTTVWKLRIVSYSKKEKDSVILSIWRPSSDLYSLLTEGKRYRIYHLATSKSKSKSERANIQLAATKKTQYQQLPVSDEILFQIYQPREPLHFSKFLDPDFQPSCSEVDLIGFVVSVVKKTGLAPFVYLSDECYNLLAIKFWIDLNEDIIKPHMLIAASNLQWRPESKSGLLTLFAGDFSVFSASPKEGHFQETFNKMKNTVENIDILCNEAENKLMHILHANDPKWSTPTKDCTSGPYTAQIIPGTGNKLLMSSPNCEIYYQSPLSLCMAKRKSVSTPVSAQMTSKSCKGEKEIDDQKNCKKRRALDFLSRLPLPPPVSPICTFVSPAAQKAFQPPRSCGTKYETPIKKKELNSPQMTPFKKFNEISLLESNSIADEELALINTQALLSGSTGEKQFISVSESTRTAPTSSEDYLRLKRRCTTSLIKEQESSQASTEECEKNKQDTITTKKYI
BRCA2	P97929	BRCA2_MOUSE	Breast cancer type 2 susceptibility protein homolog (Fanconi anemia group D1 protein homolog)	Brca2 Fancd1	Mus musculus (Mouse)	3329	MPVEYKRRPTFWEIFKARCSTADLGPISLNWFEELSSEAPPYNSEPPEESEYKPHGYEPQLFKTPQRNPPYHQFASTPIMFKERSQTLPLDQSPFRELGKVVASSKHKTHSKKKTKVDPVVDVASPPLKSCLSESPLTLRCTQAVLQREKPVVSGSLFYTPKLKEGQTPKPISESLGVEVDPDMSWTSSLATPPTLSSTVLIARDEEARSSVTPADSPATLKSCFSNHNESPQKNDRSVPSVIDSENKNQQEAFSQGLGKMLGDSSGKRNSFKDCLRKPIPNILEDGETAVDTSEEDSFSLCFPKRRTRNLQKMRMGKTRKKIFSETRTDELSEEARRQTDDKNSFVFEMELRESDPLDPGVTSQKPFYSQNEEICNEAVQCSDSRWSQSNLSGLNETQTGKITLPHISSHSQNISEDFIDMKKEGTGSITSEKSLPHISSLPEPEKMFSEETVVDKEHEGQHFESLEDSIAGKQMVSRTSQAACLSPSIRKSIFKMREPLDETLGTVFSDSMTNSTFTEEHEASACGLGILTACSQREDSICPSSVDTGSWPTTLTDTSATVKNAGLISTLKNKKRKFIYSVSDDASLQGKKLQTHRQLELTNLSAQLEASAFEVPLTFTNVNSGIPDSSDKKRCLPNDPEEPSLTNSFGTATSKEISYIHALISQDLNDKEAIVIEEKPQPYTAREADFLLCLPERTCENDQKSPKVSNGKEKVLVSACLPSAVQLSSISFESQENPLGDHNGTSTLKLTPSSKLPLSKADMVSREKMCKMPEKLQCESCKVNIELSKNILEVNEICILSENSKTPGLLPPGENIIEVASSMKSQFNQNAKIVIQKDQKGSPFISEVAVNMNSEELFPDSGNNFAFQVTNKCNKPDLGSSVELQEEDLSHTQGPSLKNSPMAVDEDVDDAHAAQVLITKDSDSLAVVHDYTEKSRNNIEQHQKGTEDKDFKSNSSLNMKSDGNSDCSDKWSEFLDPVLNHNFGGSFRTASNKEIKLSEHNVKKSKMFFKDIEEQYPTRLACIDIVNTLPLANQKKLSEPHIFDLKSVTTVSTQSHNQSSVSHEDTDTAPQMLSSKQDFHSNNLTTSQKAEITELSTILEESGSQFEFTQFRKPSHIAQNTSEVPGNQMVVLSTASKEWKDTDLHLPVDPSVGQTDHSKQFEGSAGVKQSFPHLLEDTCNKNTSCFLPNINEMEFGGFCSALGTKLSVSNEALRKAMKLFSDIENSEEPSAKVGPRGFSSSAHHDSVASVFKIKKQNTEKSFDEKSSKCQVTLQNNIEMTTCIFVGRNPEKYIKNTKHEDSYTSSQRNNLENSDGSMSSTSGPVYIHKGDSDLPADQGSKCPESCTQYAREENTQIKENISDLTCLEIMKAEETCMKSSDKKQLPSDKMEQNIKEFNISFQTASGKNTRVSKESLNKSVNIFNRETDELTVISDSLNSKILHGINKDKMHTSCHKKAISIKKVFEDHFPIVTVSQLPAQQHPEYEIESTKEPTLLSFHTASGKKVKIMQESLDKVKNLFDETQYVRKTASFSQGSKPLKDSKKELTLAYEKIEVTASKCEEMQNFVSKETEMLPQQNYHMYRQTENLKTSNGTSSKVQENIENNVEKNPRICCICQSSYPVTEDSALAYYTEDSRKTCVRESSLSKGRKWLREQGDKLGTRNTIKIECVKEHTEDFAGNASYEHSLVIIRTEIDTNHVSENQVSTLLSDPNVCHSYLSQSSFCHCDDMHNDSGYFLKNKIDSDVPPDMKNAEGNTISPRVSATKERNLHPQTINEYCVQKLETNTSPHANKDVAIDPSLLDSRNCKVGSLVFITAHSQETERTKEIVTDNCYKIVEQNRQSKPDTCQTSCHKVLDDSKDFICPSSSGDVCINSRKDSFCPHNEQILQHNQSMSGLKKAATPPVGLETWDTSKSIREPPQAAHPSRTYGIFSTASGKAIQVSDASLEKARQVFSEMDGDAKQLSSMVSLEGNEKPHHSVKRENSVVHSTQGVLSLPKPLPGNVNSSVFSGFSTAGGKLVTVSESALHKVKGMLEEFDLIRTEHTLQHSPIPEDVSKILPQPCAEIRTPEYPVNSKLQKTYNDKSSLPSNYKESGSSGNTQSIEVSLQLSQMERNQDTQLVLGTKVSHSKANLLGKEQTLPQNIKVKTDEMKTFSDVPVKTNVGEYYSKESENYFETEAVESAKAFMEDDELTDSEQTHAKCSLFTCPQNETLFNSRTRKRGGVTVDAVGQPPIKRSLLNEFDRIIESKGKSLTPSKSTPDGTVKDRSLFTHHMSLEPVTCGPFCSSKERQGAQRPHLTSPAQELLSKGHPWRHSALEKSPSSPIVSILPAHDVSATRTERTRHSGKSTKVFVPPFKMKSQFHGDEHFNSKNVNLEGKNQKSTDGDREDGNDSHVRQFNKDLMSSLQSARDLQDMRIKNKERRHLRLQPGSLYLTKSSTLPRISLQAAVGDRAPSACSPKQLYIYGVSKECINVNSKNAEYFQFDIQDHFGKEDLCAGKGFQLADGGWLIPSNDGKAGKEEFYRALCDTPGVDPKLISSIWVANHYRWIVWKLAAMEFAFPKEFANRCLNPERVLLQLKYRYDVEIDNSRRSALKKILERDDTAAKTLVLCISDIISPSTKVSETSGGKTSGEDANKVDTIELTDGWYAVRAQLDPPLMALVKSGKLTVGQKIITQGAELVGSPDACAPLEAPDSLRLKISANSTRPARWHSRLGFFRDPRPFPLPLSSLFSDGGNVGCVDIIVQRVYPLQWVEKTVSGLYIFRSEREEEKEALRFAEAQQKKLEALFTKVHTEFKDHEEDTTQRCVLSRTLTRQQVHALQDGAELYAAVQYASDPDHLEACFSEEQLRALNNYRQMLNDKKQARIQSEFRKALESAEKEEGLSRDVTTVWKLRVTSYKKKEKSALLSIWRPSSDLSSLLTEGKRYRIYHLAVSKSKSKFERPSIQLTATKRTQYQQLPVSSETLLQVYQPRESLHFSRLSDPAFQPPCSEVDVVGVVVSVVKPIGLAPLVYLSDECLNLLVVKFGIDLNEDIKPRVLIAASNLQCQPESTSGVPTLFAGHFSIFSASPKEAYFQEKVNNLKHAIENIDTFYKEAEKKLIHVLEGDSPKWSTPNKDPTREPHAASTCCASDLLGSGGQFLRISPTGQQSYQSPLSHCTLKGKSMPLAHSAQMAAKSWSGENEIDDPKTCRKRRALDFLSRLPLPSPVSPICTFVSPAAQKAFQPPRSCGTKYATPIKKEPSSPRRRTPFQKTSGVSLPDCDSVADEELALLSTQALTPDSVGGNEQAFPGDSTRNPQPAQRPDQQVGPRSRKESLRDCRGDSSEKLAVES
BRCA2	Q864S8	BRCA2_FELCA	Breast cancer type 2 susceptibility protein homolog (Fanconi anemia group D1 protein homolog)	BRCA2 FANCD1	Felis catus (Cat) (Felis silvestris catus)	3372	MPIGCKERPTFFEIFRTRCNKADLGPISLNWFEELCLEAPPYNSEPTEESGYKISYEPNLFKTPQRKPCHQLASTPIIFKEQGLIPPIYQQSPLKELGKDITNSKHRSCCTMKSKMDQTNDVTSPPLNSCLSESPLLRSTHVTPQREKSVVCGSLFHTPKLTKGQTPKRISESLGAEVDPDMSWSSSLATPPTLSSTVLIVRDEEASAAVFPNDTTAIFKSYFCNHDESLKKNDRFIPSGPDSENKSQREAKSQGLGKMVGNSCDKVNSCKDPFGNSTLNVLEDGVRERVADVSEEDSFPLCVPKCKTRNLQKIKTSKTRKNIFNETTDECKEAKKQMKENKHSFVSEMEANASDPLDSNVTNQKPFGNGSDKISKEVVLSSASESCHLTLSGLNGTHMEKLPLLCISSCDQNNSEKDLITTEKECTNFIILEDSLPQISGVPKCTEKILNEEIVVNKIDEGQCLESHEDSILAVKQAVFETSLIASPLQGIRKSIFRIRESPEETFSAVFSNNITDPNFKEEHEASESVLEKHSICSQKEDSLSTSSLDNGSWPATIKHTSVALKNSGLISTLKKKTKKFIYVVNDETSYQGLKTQKDQQSGLMNYSAQFEANVLEGPLTFANADSGLLHSSVKKTCLQNDSKEPILSLTNSFGTLLRKVSNKGSSSPNNKIISQDLDYKEAKIKKEKLQSFISTETNCLSSLQEKHCEDDTKSQRVADRKEEILPAVSQPSVPYSEVEDSGIHFQTLKSFSSDPDKSSQLTPHPRDPPSNPVGLSRGRESYEVSETLKCKNHEAGFELTKTMENSQEIHVLNEHAKKAKLLSTEKYVTEASPSMKVPFNQNAHLTIIQKDQKETTLISKITMNPNSEELFPDGDNFVFKITKERNVPVLGSIKELQDSDLCCVKEPVLENSTMVVYTDMDDKQAAKVSITKGFDSSNIDDLTEKDRNSIKQQLRMTLDQDSKSDITLDSDMKSNGNNDYMDNWARLSDPILNHNFGNGFRTASNKEIKLSEHNIKKSKMLFKDIEERYPTNLACIEIVNTPLESQEKLSKPHILDPQSINTVSGCVQSSAYVSDSENRHTTPPTLSLKRDFDSNHNLTPSQKAEITELSTILEESGSQFEFTQFRKPSHLKQKNPCEMPEKHLTISNTTPEEQKDGHLRLTINALSISQGDSSKKFEGIIGGKQKLACLSKTSCNKSASGHLTGKNEVEFRGFYSARGTKLNVCSEALQKAKKLFSDLENISEETSVEVDRSFSSSKCNGSVSMFKKENCNNEKKLNEKNNKYRLILQNNIEMTTGIFVAEDTEGYKRNIENKANKYTDASRNVYNFREADGSDSSKNDTVYIHKEENGLPYIDQHDIDLKLSSQFIKEGNTQIKEGLSDLTCLEVVKAEETLHVNTSNKEHLTANTMGRITKDFDIFDVSFQTASGKNIRVSRASLNKVTNLLDQKCTEEELNNFADSLNSELLSGIDINKADISHHGEMEILKKRQMKESDLTGTENKSLTLQQRPEYEIKKIKEPTILGFHTASGKRIEIAKESLDKVKNLFDEQEQDKSEMTNFSHRGTKMSKGREECEGGLRLACKTIEITPASKEEEMQKPLEKNLVSNEIVVVPRLLSDNLYKQTENLKIPNRASLKVKVHENTGKETAKKPTTCTNQSTYSATENSALSFYTGHGRKISVSQSSILEVKKWLRGGELDDQPEKTVYNISEYLPKSKVDNSGIEPVVRNVGERENTSVSEIMFTVREADTDPQSVNEDICVQRLVTNFSCKKENTAIKVTVSDSNNFDSTQKLNSDSNDAVPVYTTASSERVLVAHETKVAEGFTENCSMAIKQTTKSKPGKIVAGYRKAPDDSEDTICPNSLDGAECSSPSHKDFAETQSEQTPQLNQSISGFKKRSEIPPHQINLKTSDICKLSTGKRLQSISYTNACGIFSTASGKCVQVSDAALQKARQVFSKVEDSAKQPFSKVSFKHNEDHSDKFTREENTMIHTPQNLLSSAFSGFSTASGKQVPVSESALCKVKGILEEFDVMRTECGPQRSPTSRQDVSKMPPPSCVENKTPKHSVNSKLEKAYNKEFKLSSNSKIENGSSENHSVQVSPYPSQFKQDKQLIQGNKASLVENIHLLEKEQALPKNIKWKLETEAFPNLPLKTDTAIHSTDSKDPENYFETETVEIAKAFMEDGELTDADLLSHARHFLPTCQHSEETLVSNSRRGKRRGVLVSVGEPPIKRNLLNEFDRIIKNQEKSLKASKSTPDGIIKDRSLFMHHISLEPVTCGPFSTTKKRQEIQNPNFTAPGQKFLSKSHFYEHLALEKSSSNVSISGQPFCTVPATRSEKRGHSITPSKPVKVFVPPFKTKSRFLQDEQHISKNTHVEENKQKPNNIDEHSSGDSKNNINNSEIHQLNKNNSSQAATMVFTKCEKEPLDLIASLQNARDIQDMRIREKRKQHIFPQPGSLFLAKTSTVPRISLRVAVEGRVPSACSHKQLYMYGVSKHCVKINSKNAESFQFHTQDYFGKEVQWAKEGIQLADGGWLIPSNDGKAGKEEFYRALCDTPGVDPNLISRIWVYNHYRWIIWKLAAMEFAFPKEFANRCLSPERVLLQLKYRYDMEIDRSKRSAIKKIMERDDTAAKTLVLCISETISSSTDLSETSGSKTSGVGTKNVGIVELTDGWYAIKAQLDPPLLALVKKGRLTVGHKIIIHGAELAGSPDACTPLEAPESLILKISANSTRPACWYAKLGFFPDPRPFPLPLSSLFSDGGNVGCVDVVIQRTYPIQWMEKTPSGLCIFRNEREEEREATKYAEAQQKKLEVLFNKIQAEFEKHDENITKRCVPLRALTRQQVCALQDGAELYEAVKNAPDPASLEAYFSEEQIRALNNHRQMLNDKKQAQIQLEFRKAMESAEQGEQMLPRDVTTVWKMRIISYGKKEKDSVTLSIWRPSSDLYSLLTEGKRYRIYHLATSQSKSKSERAHIQLTATKKTQYQQLPASDELLFQVYQPREPLYFNKLLDPDFQPPCSEVDLIGFVVSVVKKIGFAPLVYLSDECHNLLAIKVWTDLNEDIVKPHTLIAASNLQWRPESKSGIPTLFAGDFSRFSASPKEGHFQETFHKMKNTIENVETFCNDAENKLVHILNANSPKVSTPMKDYASEPHTIQTVLGLGNKLSMSSPNSEMNYQSPLSLCKPKAKSVPTPGSAQMTSKSCYKGERELDDPKTCKKRKALDFLSRLPLPPPVSPICTFVSPAAQKAFQPPRSCGTKYETPIKKRELNSPQMTPLKFNDTSLVESDSIADEELALINTQALLSGLAGEDQLMSLNDSPRTAPTSSKDYVRPKSYPTAPGIRDCENPQASTEGGEPDVQDTDTVKRSSMRLQRRQQQT
BRCA2	Q9W157	BRCA2_DROME	Breast cancer type 2 susceptibility protein homolog (dmbrca2)	Brca2 CG30169	Drosophila melanogaster (Fruit fly)	971	MDQNGASGSHPNRLSQGRGAHARERGATVSAAANRSNIIDEMAKICEADRQTFAIARRTRGHERLAVDNSDFVAVEDLILSYAEPTPEDQVEMIMSDFCSSPTYAEDEDEPSHESEPWFRFRNKRIRTYSRKRDPKSHKAVQNEKRRGSSGLSVQRDLNTSFTSMACDFDASSQKIHEVLLNLSQYFSATATASGPTPVPSQIDLPTEARQDSGDECFNAELENLRDDLLQSGFTFEASFYENEHEQEGPGTMADTIYGDSMQSVPTTRLRLESGKRNVWSDADSTLKKADVEIAENKKLLMGQTQAKNVDIEENTNFILEGIPLSEWLTPMELPEISKDVIKHIPDKKLKLEPSSQKEQKSSKDSNASKVRGASKQSCDINTKNEGTTILDQPNAAEQENLLNDGELLEEFLFNDWQPMQCSNGPSTSKNAIQGPKENINSINLDDKEQPEKQTPNKSQTISSHQLNGIRKKSFKFIEVSEEMKIKGEEFVDKVVSGLYHFSHKCNLRTEEYSDNHSQVMESTQCAEFKSAPSKPIEILDGKETYNAIAKVDVGEINGKFSPLNNDTIAEPEFCGFRTASNKAIPISEKMKIKTAEFMAEFQSKETIQQNDYLVHQPNDKPTSVGLDTALKRSIESSEEMRSKASKLVVVDTTMREPHQPTLDPVCRDLNESQFFGFRTASNKAIEITEAMEKRGAMFLAQSKATDQLNGWQPSDFPDVLPTSPNNEIHSINVENNKAVNTKTVSETEFFGFRTASNKGIVISENTKIKVAQFMSEFQAADASTDSNQPTVISEESRNIDAKFVDEAAAEDSANKPTFCNVQSLKNTSDIEHFKHDFFVEHSAKEEHPLCSQPLVRTPRRSQEIHSSLSQLAGKSPLDQATKKSVIARRNLLSLKRKRKIILSTETSTSCALPTMERFAPKPSSTSTPLADRDLNRSKDCTKNRQDAEDMSPICMQPKKSRRLGLSRSRY
F5	O88783	FA5_MOUSE	Coagulation factor V (Activated protein C cofactor) [Cleaved into: Coagulation factor V heavy chain; Coagulation factor V light chain]	F5	Mus musculus (Mouse)	2183	MLLVCPCFFLLVVLGTRWAGWGSHQAEAAQLRQFYVAAQGILWNYHPEPTDPSLNSIPSFKKIVYREYEQYFKKEKPRSSNSGLLGPTLYAEVGDVIKVHFRNKADKPLSIHPQGIKYSKFSEGASYADHTFPAERKDDAVAPGEEYTYEWIVSEDSGPTPDDPPCLTHIYYSYENLTQDFNSGLIGPLLICKKGTLTEDGTQKMFDKQHVLLFAVFDESKSRSQSPSLMYTINGFVNKTMPDITVCAHDHVSWHLIGMSSGPELFSIHFNGQVLEQNQHKVSTVTLVSATSTTANMTMSPEGRWIVSSLIPKHYQAGMQAYIDIKNCPKKTRSPKTLTREQRRYMKRWEYFIAAEEVIWNYAPVIPANMDKIYRSQHLDNFSNQIGKHYKKVIYRQYEEETFTKRTDNPSIKQSGILGPVIRAQVRDTLKIVFKNMASRPYSIYPHGVTFSPYEDGINSSSTSGSHTTIRPVQPGETFTYKWNILEFDEPTENDAQCLTRPYYSDVDVTRDIASGLIGLLLICKSRSLDQRGVQRVADIEQQAVFAVFDENKSWYIEDNINKFCENPDEVKRDDPKFYESNIMSTINGYVPESISTLGFCFDDTVQWHFCSVGTHDDILTIHFTGHSFIYGRRHEDTLTLFPMRGESVTVTMDNVGTWMLTTMNSNPKRRNLRLRFRDVKCNRDYDNEDSYEIYEPPAPTSMTTRRIHDSLENEFGIDNEDDDYQYLLASSLGIRSFKNSSLNPEENEFNLTALALENSSEFISPSTDRVVDSNSSRILSKIINNNLKDFQRTLPGSGATVAGTLLRNLIGLDENFVLNSSTEHRSSSYHENDMENPQSNITMVYLLPLGPKGSGNREQDKPKTIKTGRPHMMKHRFSWMKAPAGKTGRHSNPKNSYSGMKSEEDIPSELIPLKQKITSKFLNRRWRVASEKGSYEIIAANGEDTDVDKLTNSPQNQNITVPRGESTSHTNTTRKPSDLPTFSGVGHKSPHVRQEEENSGFQKRQLFIRTRKKKKNKKLALHSPLSPRGFDPLRGHNHSPFPDRRLLNHSLLLHKSNETALSPDLNQTSPSMSTDRSLPDYNQYSKNDTEQMSSSLDLYQSVPAEEHSPTFPAQDPDQTHSTTDPSYRSSPPELSQGLDYDLSHDFYPDDIGLTSFFPDQSQKSSFSSDDDQAIPSSDLSLFTISPELDQTIIYPDLDQLLLSPEDNQKTSSPDLGQVPLSPDDNQKTSSPDLGQVSLSPDDNQKTSSPDLGQVPLSLDDNQKTTSPDLGQVPLSPDDNQMITSPDLGQVPLSSDNQKTSSPDLGQVPLFPEDNQNYFLDLSQVPLSSDQNQETSSTDLLTLSPDFGQTVLSPDLDQLPLPSDNSQVTVSPDLSLLTLSPDFNEIILAPDLGQVTLSPDLIQTNPALNHGHKASSADPDQASYPPDSGQASSLPELNRTLPHPDLTHIPPPSPSPTLNNTSLSRKFNPLVVVGLSRVDGDDVEIVPSEEPERIDEDYAEDDFVTYNDPYRTDTRTDVNSSRNPDTIAAWYLRGHGGHKKFYYIAAEEITWNYAEFAQSEMDHEDTGHTPKDTTYKKVVFRKYLDSTFTSRDPRAEYEEHLGILGPVIRAEVDDVIQVRFKNLASRPYSLHAHGLSYEKSSEGKTYEDESPEWFQEDDAVQPNSSYTYVWHATKRSGPENPGSACRAWAYYSAVNVERDIHSGLIGPLLICRKGTLHMERNLPMDMREFVLLFMVFDEKKSWYYEKSKGSRRIESPEEKNAHKFYAINGMIYNLPGLRMYEQEWVRLHLLNMGGSRDIHVVHFHGQTLLDNRTKQHQLGVWPLLPGSFKTLEMKASKPGWWLLDTEVGENQVAGMQTPFLIIDKECKMPMGLSTGVISDSQIKASEYLTYWEPRLARLNNAGSYNAWSIEKTALDFPIKPWIQVDMQKEVVVTGIQTQGAKHYLKSCFTTEFQVAYSSDQTNWQIFRGKSGKSVMYFTGNSDGSTIKENRLDPPIVARYIRIHPTKSYNRPTLRLELQGCEVNGCSTPLGLEDGRIQDKQITASSFKKSWWGDYWEPSLARLNAQGRVNAWQAKANNNKQWLQVDLLKIKKVTAIVTQGCKSLSSEMYVKSYSIQYSDQGVAWKPYRQKSSMVDKIFEGNSNTKGHMKNFFNPPIISRFIRIIPKTWNQSIALRLELFGCDIY
F5	P12259	FA5_HUMAN	Coagulation factor V (Activated protein C cofactor) (Proaccelerin, labile factor) [Cleaved into: Coagulation factor V heavy chain; Coagulation factor V light chain]	F5	Homo sapiens (Human)	2224	MFPGCPRLWVLVVLGTSWVGWGSQGTEAAQLRQFYVAAQGISWSYRPEPTNSSLNLSVTSFKKIVYREYEPYFKKEKPQSTISGLLGPTLYAEVGDIIKVHFKNKADKPLSIHPQGIRYSKLSEGASYLDHTFPAEKMDDAVAPGREYTYEWSISEDSGPTHDDPPCLTHIYYSHENLIEDFNSGLIGPLLICKKGTLTEGGTQKTFDKQIVLLFAVFDESKSWSQSSSLMYTVNGYVNGTMPDITVCAHDHISWHLLGMSSGPELFSIHFNGQVLEQNHHKVSAITLVSATSTTANMTVGPEGKWIISSLTPKHLQAGMQAYIDIKNCPKKTRNLKKITREQRRHMKRWEYFIAAEEVIWDYAPVIPANMDKKYRSQHLDNFSNQIGKHYKKVMYTQYEDESFTKHTVNPNMKEDGILGPIIRAQVRDTLKIVFKNMASRPYSIYPHGVTFSPYEDEVNSSFTSGRNNTMIRAVQPGETYTYKWNILEFDEPTENDAQCLTRPYYSDVDIMRDIASGLIGLLLICKSRSLDRRGIQRAADIEQQAVFAVFDENKSWYLEDNINKFCENPDEVKRDDPKFYESNIMSTINGYVPESITTLGFCFDDTVQWHFCSVGTQNEILTIHFTGHSFIYGKRHEDTLTLFPMRGESVTVTMDNVGTWMLTSMNSSPRSKKLRLKFRDVKCIPDDDEDSYEIFEPPESTVMATRKMHDRLEPEDEESDADYDYQNRLAAALGIRSFRNSSLNQEEEEFNLTALALENGTEFVSSNTDIIVGSNYSSPSNISKFTVNNLAEPQKAPSHQQATTAGSPLRHLIGKNSVLNSSTAEHSSPYSEDPIEDPLQPDVTGIRLLSLGAGEFKSQEHAKHKGPKVERDQAAKHRFSWMKLLAHKVGRHLSQDTGSPSGMRPWEDLPSQDTGSPSRMRPWKDPPSDLLLLKQSNSSKILVGRWHLASEKGSYEIIQDTDEDTAVNNWLISPQNASRAWGESTPLANKPGKQSGHPKFPRVRHKSLQVRQDGGKSRLKKSQFLIKTRKKKKEKHTHHAPLSPRTFHPLRSEAYNTFSERRLKHSLVLHKSNETSLPTDLNQTLPSMDFGWIASLPDHNQNSSNDTGQASCPPGLYQTVPPEEHYQTFPIQDPDQMHSTSDPSHRSSSPELSEMLEYDRSHKSFPTDISQMSPSSEHEVWQTVISPDLSQVTLSPELSQTNLSPDLSHTTLSPELIQRNLSPALGQMPISPDLSHTTLSPDLSHTTLSLDLSQTNLSPELSQTNLSPALGQMPLSPDLSHTTLSLDFSQTNLSPELSHMTLSPELSQTNLSPALGQMPISPDLSHTTLSLDFSQTNLSPELSQTNLSPALGQMPLSPDPSHTTLSLDLSQTNLSPELSQTNLSPDLSEMPLFADLSQIPLTPDLDQMTLSPDLGETDLSPNFGQMSLSPDLSQVTLSPDISDTTLLPDLSQISPPPDLDQIFYPSESSQSLLLQEFNESFPYPDLGQMPSPSSPTLNDTFLSKEFNPLVIVGLSKDGTDYIEIIPKEEVQSSEDDYAEIDYVPYDDPYKTDVRTNINSSRDPDNIAAWYLRSNNGNRRNYYIAAEEISWDYSEFVQRETDIEDSDDIPEDTTYKKVVFRKYLDSTFTKRDPRGEYEEHLGILGPIIRAEVDDVIQVRFKNLASRPYSLHAHGLSYEKSSEGKTYEDDSPEWFKEDNAVQPNSSYTYVWHATERSGPESPGSACRAWAYYSAVNPEKDIHSGLIGPLLICQKGILHKDSNMPMDMREFVLLFMTFDEKKSWYYEKKSRSSWRLTSSEMKKSHEFHAINGMIYSLPGLKMYEQEWVRLHLLNIGGSQDIHVVHFHGQTLLENGNKQHQLGVWPLLPGSFKTLEMKASKPGWWLLNTEVGENQRAGMQTPFLIMDRDCRMPMGLSTGIISDSQIKASEFLGYWEPRLARLNNGGSYNAWSVEKLAAEFASKPWIQVDMQKEVIITGIQTQGAKHYLKSCYTTEFYVAYSSNQINWQIFKGNSTRNVMYFNGNSDASTIKENQFDPPIVARYIRISPTRAYNRPTLRLELQGCEVNGCSTPLGMENGKIENKQITASSFKKSWWGDYWEPFRARLNAQGRVNAWQAKANNNKQWLEIDLLKIKKITAIITQGCKSLSSEMYVKSYTIHYSEQGVEWKPYRLKSSMVDKIFEGNTNTKGHVKNFFNPPIISRFIRVIPKTWNQSIALRLELFGCDIY
F5	P29885	PG057_VACCP	Envelope phospholipase OPG057 (EC 3.1.1.-) (EC 3.1.4.4) (37 kDa protein) (Envelope phospholipase F13) (Envelope protein F13) (Palmitoylated EV membrane protein) (p37K)	OPG057 F5	Vaccinia virus (strain L-IVP) (VACV)	372	MWPFASVPAGAKCRLVETLPENMDFRSDHLTTFECFNEIITLAKKYIYIASFCCNPLSTTRGALIFDKLKEASEKGIKIIVLLDERGKRNLGELQSHCPDINFITVNIDKKNNVGLLLGCFWVSDDERCYVGNASFTGGSIHTIKTLGVYSDYPPLATDLRRRFDTFKAFDSAKNSWLNLCSAACCLPVSTAYHIKNPIGGVFFTDSPEHLLGYSRDLDTDVVIDKLKSAKTSIDIEHLAIVPTTRVDGNSYYWPDIYNSIIEAAINRGVKIRLLVGNWDKNDVYSMATARSLDALCVQNDLSVKVFTIQNNTKLLIVDDEYVHITSANFDGTHYQNHGFVSFNSIDKQLVSEAKKIFERDWVSSHSKSLKI
F5	Q28107	FA5_BOVIN	Coagulation factor V (Activated protein C cofactor) [Cleaved into: Coagulation factor V heavy chain; Coagulation factor V light chain]	F5	Bos taurus (Bovine)	2211	MFLACPGFWVLVVLGSSWAGWGNLGAEAAKLRQFYVAAQSIRWNYRPESTHLSSKPFETSFKKIVYREYEAYFQKEKPQSRTSGLLGPTLYAEVGDIMKVHFKNKAHKPLSIHAQGIKYSKFSEGASYSDHTLPMEKMDDAVAPGQEYTYEWIISEHSGPTHDDPPCLTHIYYSYVNLVEDFNSGLIGPLLICKKGTLTEDGTQKMFEKQHVLMFAVFDESKSWNQTSSLMYTVNGYVNGTMPDITVCAHDHISWHLIGMSSGPELFSIHFNGQVLEQNHHKISAITLVSATSTTANMTVSPEGRWTIASLIPRHFQAGMQAYIDIKNCAKKTRNPKKLTRDQRRHIKRWEYFIAAEEVIWDYAPIIPANMDKKYRSLHLDNFSNRIGKHYKKVVYKQYQDDSFTKRLEDPSSEGDGILGPIIRAQVRDTLKIVFKNMASRSYSIYPHGVTFSPYDNEVNSSSTSGSNTMIRAVRPGETYTYKWNILESDEPTENDAQCLTRPYYSNVDITRDLASGLIGLLLICKSRSLDRRGIQRAADIEQQAVFAVFDENKSWYIEDNIYKFCENPEKVKRDDPKFYESNIMSNFTLPAINGYVPESIPILGFCFDDTVQWHFCSVGTQNDILTIHFTGHSFIYGKRHEDTLTLFPMQGESVTVTMDNVGTWMLTTMNSNPRSKKLRLRFRDAKCIRNDDDDSYEIIYEPSGSTAMTTKKIHDSSEIEDENDADSDYQDELALILGLRSFRNSSLNQEKDELNLTALALEKDSEFIPPSANRSLDSNSSSRSHVSRLIAKNFAESLKTLLHLEAPAAGSPLEHAGLDKNSALNPPMAEHSSPYSEDPREDHPLSDVTGVSLLPFGTGFKNRKPAKHQRFQVGRGQAAKHKFSQTRFPAHKTRTRLSQDNSSSSRMGPWEDIPSDLLLLQQKDPYKILNGEWHLVSEKGSYEIIQDANENKTVNKLPNSPQNDSRTWGENIPFKNSHGKQSGHPTFLVTRRKPLQDRQDRRNSRLKEGLPLIRTRRKKKEEKPAYHVPLSPRSFHPLRGEVNASFSDRRHNHSLLLHASNETSLSIDLNQTFPSMNLSLAASLPDHDQTSPNDTTSQTSSPPDLYPTVSPEEHYQIFPIQDSDPTHSTTAPSNRSPDPTHSTTAPSNRSPPTQPSQIPNYDLRNRAIPTDVSQIFPSLELEVWQTATSLDLSQPSISPDLGQMALSPDPGQESLSPDLGQTSLSPDLSQESLSPDLGQTALSPDPSQESLSPDLGQTALSPDPSQESLSPDLGQTALSPDPGQESLSPDLGQTSLSPDLSQESLSPDLGQTALSPDPSQESLSPDLGQTALSPDPSQESLSPDLGQTSLSPDLGQESLSPDLGQTALSPDPSQESLSPDLGQTSLSPDLGQESLSPDLGQTALSPDLSQESLSPDLGQTPLSPDLSLESLSPDLSQLDLKQTSPPLDLNQTSHTSESSQSLPLPEFGQTFPNADIGQMPSPPPDSTLNNTFIPEEFNPLVVVGLSRDDGDYIEIIPRQKEESSEEDYGEFEFVAYNDPYQTDLRTDINSSRNPDNIAAWYLRSNTGNRKYYYIAAEEISWDYSKFVQSDDVDYVPEDTVYKKVVFRKYLDSTFTKLDPQGEYEEHLGILGPVIRAEVDDVIQVRFKNLASRPYSLHAHGLSYEKSSEGKTYEDDSPEWFKEDNAIQPNKTYTYVWHATTRSGPENPGSACRAWAYYSAVNPEKDIHSGLIGPLLICRKGTLDKETNMPVDMREFVLLFMVFDEKKSWYYDKKPTRSWRRASSEVKNSHEFHAINGMIYNLPGLRMYEQEWVRLHLLNLGGSRDIHVVHFHGQTLLENGTQQHQLGVWPLLPGSFKTLEMKASKPGWWLLDTEVGEIQRAGMQTPFLIVDRECKMPMGLSTGLIADSQIQASEFWGYWEPKLARLNNGGSYNAWIAEKLSTEFNPEPWIQVDMQKEVLLTGIQTQGAKHYLKPYYTTEFCVAYSLDRKNWRIFKGNSTRNVMYFGGNSDASTIKENQIDPPVVARYIRISPTGSYNKPALRLELQGCEVNGCSTPLGMESGKIENKQITASSFKKSWWGNYWEPFLARLNAQGRVNAWQAKANNNNQWLQIDLLKIKKITAIVTQGCKSLSSEMYVKSYTIHYSDQGTDWKPYREKSSMVDKIFEGNNNVRGHVKNFFNPPIISRFIRIIPKTWNQSIALRLELFGCDMY
F5	Q593B6	FA5_PSETE	Coagulation factor V [Cleaved into: Coagulation factor V heavy chain; Coagulation factor V light chain]	F5	Pseudonaja textilis (Eastern brown snake)	1459	MGRYSVSPVPKCLLLMFLGWSGLKYYEVNAAQLREYHIAAQLEDWDYNPQPEELSRLSESDLTFKKIVYREYELDFKQEKPRDELSGLLGPTLRGEVGDILIIYFKNFATQPVSIHPQSAVYNKWSEGSSYSDGTSDVERLDDAVPPGQSFKYVWNITAEIGPKKADPPCLTYAYYSHVNMVRDFNSGLIGALLICKEGSLNANGSQKFFNREYVLMFSVFDESKNWYRKPSLQYTINGFANGTLPDVQACAYDHISWHLIGMSSSPEIFSVHFNGQTLEQNHYKVSTINLVGGASVTANMSVSRTGKWLISSLVAKHLQAGMYGYLNIKDCGNPDTLTRKLSFRELRRIMNWEYFIAAEEITWDYAPEIPSSVDRRYKAQYLDNFSNFIGKKYKKAVFRQYKDSNFTKPTYAIWPKERGILGPVIRAKVRDTISIVFKNLASRPYSIYVHGVSVSKDAEGAIYPSDPKENITHGKAVEPGQVYTYKWTVLDTDEPTVKDSECITKLYHSAVDMTRDIASGLIGPLLVCKHKALSVKGVQNKADVEQHAVFAVFDENKSWYLEDNIKKYCSNPSTVKKDDPKFYKSNVMYTLNGYASDRTEVLGFHQSEVVEWHLTSVGTVDEIVPVHLSGHTFLSKGKHQDILNLFPMSGESATVTMDNLGTWLLSSWGSCEMSNGMRLRFLDANYDDEDEGNEEEEEDDGDIFADIFIPPEVVKKKEKDPVNFVSDPESDKIAKELGLLDDEDNQEESHNVQTEDDEEQLMIATMLGFRSFKGSVAEEELNLTALALEEDAHASDPRIDSNSARNPDDIAGRYLRTINRGNKRRYYIAAEEVLWDYSPIGKSQVRSRAAKTTFKKAIFRSYLDDTFQTPSTGGEYEKHLGILGPIIRAEVDDVIEVQFRNLASRPYSLHAHGLLYEKSSEGRSYDDKSPELFKKDDAIMPNGTYTYVWQVPPRSGPTDNTEKCKSWAYYSGVNPEKDIHSGLIGPILICQKGMIDKYNRTIDIREFVLFFMVFDEEKSWYFPKSDKSTRAEKLIGVQSRHTFPAINGIPYQLQGLTMYKDENVHWHLLNMGGPKDIHVVNFHGQTFTEEGREDNQLGVLPLLPGTFASIKMKPSKIGTWLLETEVGENQERGMQALFTVIDKDCKLPMGLASGIIQDSQISASGHVGYWEPKLARLNNTGKYNAWSIIKKEHEHPWIQIDLQRQVVITGIQTQGAMQLLKHLYTVEYFFTYSKDGQNWITFKGRHSETQMHFEGNSDGTTVKENHIDPPIIARYIRLHPTKFHNRPTFRIELLGCEVEGCSVPLGMESGAIKNSEITASSYKKTWWSSWEPSLARLNLKGRTNAWQPKVNNKDQWLQIDLQHLTKITSIITQGATSMTTSMYVKTFSIHYTDDNSTWKPYLDVRTSMEKVFTGNINSDGHVKHFFKPPILSRFIRIIPKTWNQYIALRIELFGCEVF
F5	Q9GLP1	FA5_PIG	Coagulation factor V (Activated protein C cofactor) [Cleaved into: Coagulation factor V heavy chain; Coagulation factor V light chain]	F5	Sus scrofa (Pig)	2258	MFPALPCPWVLVVLGTSWAAWGNLGTEAARVRQFYVAAQSISWNYHPEPTHPSSSPFATSFKKIVYREYEAYFQKEKPPSRMSGLLGPTLYADVGDIMKVHFRNKADKPLSIHPQGIKYSKFAEGASYPDHTFLVEKMDDAVAPGQEYTYEWNISEDSGPTHNDPPCLTHIYYSYENLIQDFNSGLIGPLLICKKGTLTEDGIQKMFDKQYVLMFAVFDESKSWNQSSSLMYTVNGYVNGTMPDITVCAYDHISWHLIGMSSGPELFSIHFSGQVLEQNHHKVSAITLVSATSTTANMTVSPEGKWPISSLIPKHFQAGMQAYIDIKNCAKKTRKPKKLTRDQRRHIKRWEYFIAAEEVIWDYAPIIPANMDKKYRSLHLDNFSNQIGKHYKKVVYKQYQDESFTKRLENPNNKEDGILGPVIRAQVRDTLKIVFKNMASRSYSIYPHGVTFSPYEDDVNSSSTSDNNTMIRAVQPGETYTYKWNILESDEPTENDAQCLTRPYYSNVDITRDIASGLIGLLLICKSRSLDKRGIQRTADIEQKAVFAVFDENKSWYIEDNIYKFCENPEKVKRDDPKFYESNIMSTINGYVPESIPTLGFCFDDTVQWHFCSVRTHDNILTIHFTGHSFIYGKRHEDTLTLFPMRGESVTVTMDNVGTWMLTTMNSNPRNKKLQLKFRDVKCIRDDDEDSYEIIYEPSSSTTLTTRKMHDSSENKEEENDDEYDYQDLLASVLGIRSFRNSSLYQEDDEFNLTALALENNSEFIPPSTDRAVDSNSSSPGNISRAPANTFTEPRKILPHPEATKAGSPRRHTGLVKNLVLNRRRTQHSDPYSEDPIENPLQSVITGISLLPFGTEGFRNREHPKHKRFKAGRDQAAKHRFSQMEFPAHKTGRHISQDNSSSSSMGPLEDLSSDLLLLERKDPSTINGKWHLVSEKGSYEIVQDADEDMAVNKLPNNPQNASRSWGENIPFTNKHGKQRGHPIFVTRHKLLQERQDEGNSILKKGRFFIRTRRKKKERKPVHHVPLSPRSFNPLRGEANTPFSDRRQNHSLLLHESNETFPPTDLNQTFPSMNLSLIASHPDHNQNLPNDTHQTSSPLDLYQTVTPDEPYQTAPIQDLDPTHSTAVPSHQSSLPEPIQMHDYDLRNKASPTDVSEMFFSLKLKAGHRTTSPDLNQTSLSPELSQTTLSPDPGHVTLSPDLSQTTLSPDLSHTTLSPDLGHTTLSPDLSHTTLSPDLSQTTLSPDLSHTTLSPDLGHTTLSPDLSHTTLSPDLGHATLSPDLSHTTLSPDLGHTTLSPDLGHTTLSPDFSQTTLSPDLGHTTLSSDVSHTTLSPDLSHTTLSPDLSHTTLSPDLGHTTLSPDLSQTTLSPDLGHMTLSPDLSHTTLSPDLGHTTLSPDLSHTTLSPDLGHMTLSPDLGQTTLSLDFGQTTLSPDLSHMTLSSELSHETLSPDLSQVTLSPDLSEIPFSPDLWQTTLSSDLNETTLSPDLRQTSPHPDPDKTSYISESSQSVTLPEFGQTSPFPDLGQRPSPPSHSTLNNTFIPREFNPMVVVGLSRDDGDYVEIIPRQQEENSEEDYVKIDYVEYDDPYQTDVRTDINSSRNPDNIAAWYLRSNNGNRRNYYIAAEELSWDYSKFTQREDIDDVPEHTIYKKVVFRKYLDSTFTKLDPRGEYEEHLGILGPIIRAEVDDVIQVRFKNLASRPYSLHAHGLSYEKSSEGKTYEDDSPEWFKEDNAVQPNSSYTYVWHATERSGPESPGSACRAWAYYSAVNPEKDIHSGLIGPLLICRKGTLHKENNMPVDMREFVLLFMVFDEKKSWYYEKKFTRSWRLTSSEVKNSHKFHAINGMIYNLPGLRMYEQEWVRLHLLNLGGSRDIHVVHFHGQTLLENGTQQHQLGVWPLLPGSFKTLEMKTSKAGWWLLDTEVGENQRAGMQTPFLIIDRECKMPMGLSTGLIADSQIKASEFWGHWQPKLARLNNGGSYNAWITDKFSGESNSKPWIQVDMQREVVFTGIQTQGAKYYLKSYYTTEFNVAYSSDQRNWRIFKGNSTKNVMYFNGNSDASTITENQFDPPVVARYIRISPTESYNKPALRLELQGCEVNGCSTPLGMESGNIKNEQITASSFKKSWWGDYWEPFRARLNAQGRVNAWQAKANNNNQWLQIDLLKIKKITAITTQGCKSLSSEMYVKRYTIQYSDRGVEWKSYREKSSMVDKIFEGNNNIKGHVKNFFNPPIISRFIRIIPKMWNQSIALRLELFGCDIY
CHAMP1	Q8K327	CHAP1_MOUSE	Chromosome alignment-maintaining phosphoprotein 1 (Zinc finger protein 828)	Champ1 D8Ertd457e Kiaa1802 Zfp828 Znf828	Mus musculus (Mouse)	802	MEVCQELRKPALSLECGHCSFRGTDYENVQLHMGSIHPEFCDDMDAGGLGKLIFYQKSAKLFHCHKCFFTSKLYANVYYHITARHAASDKWSEQPKEQPSKDTESGKSPSPPERQNPAFDPAEARPTPALPMEAQKTSPSLCPESQASGPPVLEPQGAGPLISPEPQAPCLPAEASKAAPVPCPERVDPPCELPELEKPERGPSPESVKSALVSSKPPKHSSFADTGAAPSALSPESPVLATSPEPWGPSLSASPESRKPARTASPEPRKPSPAESPELWKPFPAIASEPRRPTPAVSPGSWKPGPPGSPRPWKSSPSATSGPWKSSKPVQPMSPGPWKPIPSVSPGPWKPAPSMSTASWKSSVSSGSWKTPPTSPESWKSGPPELRKTALPLSPEHWKAVPPVSPELRRPGPPLSPEIRSPAGSPELKKPSSSPDLWKVSPDQRKTSPASLDFPEPQKSSCGSPPDLWKSSFIMESQKPNVFSETRKHTASGSSESPKVASDIWKPVLSIDAEPRKSTLFPEPTKAVLPASPEPRKRALFPESRKHVFLPELPKSAVFSDAQKAPELSEEIQLEAVDNAKCDSLAQEGLLATPKKLLDEALSPSSKKLKKDSQENSDAELSSSEYIRADLDTLDTKGQESSSDQEQVDVESIDFSKENKMEMGSTEQAKNVLQFTEEKEAFISEEEIAKYMKRGKGKYYCKICCCRAMKKGAVLHHLVNKHNVHSPYKCTICGKAFLLESLLKNHVAAHGQSLLKCPRCNFESNFPRGFKKHLTHCQSRHNEEVNKKLMEALESPLEEQQI
CHAMP1	Q96JM3	CHAP1_HUMAN	Chromosome alignment-maintaining phosphoprotein 1 (Zinc finger protein 828)	CHAMP1 C13orf8 CAMP CHAMP KIAA1802 ZNF828	Homo sapiens (Human)	812	MEAFQELRKPSARLECDHCSFRGTDYENVQIHMGTIHPEFCDEMDAGGLGKMIFYQKSAKLFHCHKCFFTSKMYSNVYYHITSKHASPDKWNDKPKNQLNKETDPVKSPPLPEHQKIPCNSAEPKSIPALSMETQKLGSVLSPESPKPTPLTPLEPQKPGSVVSPELQTPLPSPEPSKPASVSSPEPPKSVPVCESQKLAPVPSPEPQKPAPVSPESVKATLSNPKPQKQSHFPETLGPPSASSPESPVLAASPEPWGPSPAASPESRKSARTTSPEPRKPSPSESPEPWKPFPAVSPEPRRPAPAVSPGSWKPGPPGSPRPWKSNPSASSGPWKPAKPAPSVSPGPWKPIPSVSPGPWKPTPSVSSASWKSSSVSPSSWKSPPASPESWKSGPPELRKTAPTLSPEHWKAVPPVSPELRKPGPPLSPEIRSPAGSPELRKPSGSPDLWKLSPDQRKTSPASLDFPESQKSSRGGSPDLWKSSFFIEPQKPVFPETRKPGPSGPSESPKAASDIWKPVLSIDTEPRKPALFPEPAKTAPPASPEARKRALFPEPRKHALFPELPKSALFSESQKAVELGDELQIDAIDDQKCDILVQEELLASPKKLLEDTLFPSSKKLKKDNQESSDAELSSSEYIKTDLDAMDIKGQESSSDQEQVDVESIDFSKENKMDMTSPEQSRNVLQFTEEKEAFISEEEIAKYMKRGKGKYYCKICCCRAMKKGAVLHHLVNKHNVHSPYKCTICGKAFLLESLLKNHVAAHGQSLLKCPRCNFESNFPRGFKKHLTHCQSRHNEEANKKLMEALEPPLEEQQI
ZNF800	Q0VEE6	ZN800_MOUSE	Zinc finger protein 800	Znf800 Zfp800	Mus musculus (Mouse)	662	MPLRDKYCQTDHHHHGCCEPVYILEPGDPPLLQQPVQTSKSGIQQIIECFRSGTKQLKHILLKDVDTIFECKLCRSLFRGLPNLITHKKFYCPPSLQMDDNLPDVNDKQSQAISDLLEAIYPRVDKREYIIKLEPIETNQNAVFQYISRTDNPAEVTESSSTPEQTEVQIQETSSEQLKAVPDADTEVEEAIEPPSIETVVDEAAAPTEEQPQESQADLETSDSSDLGHQLICCLCRKEFNSRRGVRRHIRKVHKKKMEELKKYIETRKTPNQSSKGRSKSVLVSLSRSCPVCCKSFATKANVRRHFDEVHRGLRRDSITPDIATKPGQPLFLDSASPKKSFKTRKQKSSKAEYNLTACKCLLCKRKYSSQIMLKRHMQIVHKITLSGANSKREKGPNNTANSSEVKVELADSVESSPPSITHSPQNELKGTNHSNEKKNTPATQKNKVKQDSESPKSASPSAAGGQQKTRKPKLSAGFDFKQLYCKLCKRQFTSKQNLTKHIELHTDGNNIYVKFYKCPLCTYETRRKRDVIRHITVVHKKSSRYLGKITASLEIRAIKKPIDFVLNKVAKRGPSREEAKHNDSKQDGTSNSPSKKYEVADVGIEVKVTKNFSLHRCNKCGKAFAKKTYLEHHKKTHKANATNSPEGNKTKGRSTRSKALV
ZNF800	Q2TB10	ZN800_HUMAN	Zinc finger protein 800	ZNF800 PP902	Homo sapiens (Human)	664	MPLRDKYCQTDHHHHGCCEPVYILEPGDPPLLQQPLQTSKSGIQQIIECFRSGTKQLKHILLKDVDTIFECKLCRSLFRGLPNLITHKKFYCPPSLQMDDNLPDVNDKQSQAINDLLEAIYPSVDKREYIIKLEPIETNQNAVFQYISRTDNPIEVTESSSTPEQTEVQIQETSTEQSKTVPVTDTEVETVEPPPVEIVTDEVAPTSDEQPQESQADLETSDNSDFGHQLICCLCRKEFNSRRGVRRHIRKVHKKKMEELKKYIETRKNPNQSSKGRSKNVLVPLSRSCPVCCKSFATKANVRRHFDEVHRGLRRDSITPDIATKPGQPLFLDSISPKKSFKTRKQKSSSKAEYNLTACKCLLCKRKYSSQIMLKRHMQIVHKITLSGTNSKREKGPNNTANSSEIKVKVEPADSVESSPPSITHSPQNELKGTNHSNEKKNTPAAQKNKVKQDSESPKSTSPSAAGGQQKTRKPKLSAGFDFKQLYCKLCKRQFTSKQNLTKHIELHTDGNNIYVKFYKCPLCTYETRRKRDVIRHITVVHKKSSRYLGKITASLEIRAIKKPIDFVLNKVAKRGPSRDEAKHSDSKHDGTSNSPSKKYEVADVGIEVKVTKNFSLHRCNKCGKAFAKKTYLEHHKKTHKANASNSPEGNKTKGRSTRSKALV
BRCA1	O54952	BRCA1_RAT	Breast cancer type 1 susceptibility protein homolog (EC 2.3.2.27) (RING-type E3 ubiquitin transferase BRCA1)	Brca1	Rattus norvegicus (Rat)	1817	MDLSAVRIQEVQNVLHAMQKILECPICLELIKEPVSTQCDHIFCKFCMLKLLNQKKGPSQCPLCKNEITKRSLQGSARFSQLVEELLKIIDAFELDTGMQCANGFSFSKKKNSSSELLNEDASIIQSVGYRNRVKKLQQIESGSATLKDSLSVQLSNLGIVRSMKKNRQTQPQNKSVYIALESDSSEERVNAPDGCSVRDQELFQIAPGGAGDEGKLNSAKKAACDFSEGIRNIEHHQCSDKDLNPTENHATERHPEKCPRISVANVHVEPCGTDARASSLQRGTRSLLFTEDRLDAEKAEFCDRSKQSGAAVSQQSRWADSKETCNGRPVPRTEGKADPNVDSLCGRKQWNHPKSLCPENSGATTDVPWITLNSSIQKVNEWFSRTGEMLTSDNASDRRPASNAEAAVVLEVSNEVDGCFSSSKKIDLVAPDPDNAVMCTSGRDFSKPVENIINDKIFGKTYQRKGSRPHLNHVTEIIGTFTTEPQIIQEQPFTNKLKRKRSTCLHPEDFIKKADLTVVQRISENLNQGTDQMEPNDQAMSITSNGQENRATGNDLQRGRNAHPIESLRKEPAFTAKAKSISNSISDLEVELNVHSSKAPKKNRLRRKSTRCVLPLEPISRNPSPPTCAELQIESCGSSEETKKNNSNQTPAGHIREPQLIEDTEPAADAKKNEPNEHIRKRSASDAFPEEKLMNKAGLLTSCSSPRKPQGPVNPSPERKGIEQLEMCQMPDNNKELGDLVLGGEPSGKPTEPSEESTSVSLVPDTDYDTQNSVSILEANTVRYARTGSVQCMTQFVASENPKELVHGSNNAGSGSECFKHPLRHELNHNQETIEMEDSELDTQYLQNTFQVSKRQSFALFSKLRSPQKDCTLVGARSVPSREPSPKVTSRGEQKERQGQEESEISHVQAVTVTVGLPVPCQEGKPGAVTMCADVSRLCPSSHYRSCENGLNTTDKSGISQNSHFRQSVSPLRSSIKTDNRKTLTEGRFEKHTERGMGNETAVQSTIHTISLNNRGDACLEASSGSVIEVHSTGENVQGQLDRNRGPKVNTVSLLDSTQPGVSKQSAPVSDKYLEIKQESKAVSADFSPCLFSDHLEKPMRSDKTFQVCSETPDDLLDDVEIQENASFGEGGITEKSAIFNGSVLRRESSRSPSPVTHASKSRSLHRGSRKLEFSEESDSTEDEDLPCFQHLLSRVSSTPELTRCSSVVTQRVPEKAKGTQAPRKSSISDCNNEVILGEASQEYQFSEDAKCSGSMFSSQHSAALGSPANALSQDPDFNPPSKQRRHQAENEEAFLSDKELISDHEDMAACLEEASDQEEDSIIPDSVASGYESEANLSEDCSQSDILTTQQRATMKDNLIKLQQEMAQLEAVLEQHGSQPSGHPPCLPADPCALEDLPDPEQNRSGTAILTSKNINENPVSQNPKRACDDKSQPQPPDGLPSGDKESGMRRPSPFKSPLTSSRCSARGHSRSLQNRNSTSQEELLQPAXLEKSCEPHNLTGRSCLPRQDLEGTPYPESGIRLVSSRDPDSESPKVSALVCTAPASTSALKISQGQVAGSCRSPAAGGADTAVVEIVSKIKPEVTSPKERAERDISMVVSGLTPKEVMIVQKFAEKYRLALTDVITEETTHVIIKTDAEFVCERTLKYFLGIAGGKWIVSYSWVIKSIQERKLLSVHEFEVKGDVVTGSNHQGPRRSRESQEKLFEGLQIYCCEPFTNMPKDELERMLQLCGASVVKELPLLTRDTGAHPIVLVQPSAWTEDNDCPDIGQLCKGRLVMWDWVLDSISVYRCRDLDAYLVQNITCGRDGSEPQDSND
BRCA1	P38398	BRCA1_HUMAN	Breast cancer type 1 susceptibility protein (EC 2.3.2.27) (RING finger protein 53) (RING-type E3 ubiquitin transferase BRCA1)	BRCA1 RNF53	Homo sapiens (Human)	1863	MDLSALRVEEVQNVINAMQKILECPICLELIKEPVSTKCDHIFCKFCMLKLLNQKKGPSQCPLCKNDITKRSLQESTRFSQLVEELLKIICAFQLDTGLEYANSYNFAKKENNSPEHLKDEVSIIQSMGYRNRAKRLLQSEPENPSLQETSLSVQLSNLGTVRTLRTKQRIQPQKTSVYIELGSDSSEDTVNKATYCSVGDQELLQITPQGTRDEISLDSAKKAACEFSETDVTNTEHHQPSNNDLNTTEKRAAERHPEKYQGSSVSNLHVEPCGTNTHASSLQHENSSLLLTKDRMNVEKAEFCNKSKQPGLARSQHNRWAGSKETCNDRRTPSTEKKVDLNADPLCERKEWNKQKLPCSENPRDTEDVPWITLNSSIQKVNEWFSRSDELLGSDDSHDGESESNAKVADVLDVLNEVDEYSGSSEKIDLLASDPHEALICKSERVHSKSVESNIEDKIFGKTYRKKASLPNLSHVTENLIIGAFVTEPQIIQERPLTNKLKRKRRPTSGLHPEDFIKKADLAVQKTPEMINQGTNQTEQNGQVMNITNSGHENKTKGDSIQNEKNPNPIESLEKESAFKTKAEPISSSISNMELELNIHNSKAPKKNRLRRKSSTRHIHALELVVSRNLSPPNCTELQIDSCSSSEEIKKKKYNQMPVRHSRNLQLMEGKEPATGAKKSNKPNEQTSKRHDSDTFPELKLTNAPGSFTKCSNTSELKEFVNPSLPREEKEEKLETVKVSNNAEDPKDLMLSGERVLQTERSVESSSISLVPGTDYGTQESISLLEVSTLGKAKTEPNKCVSQCAAFENPKGLIHGCSKDNRNDTEGFKYPLGHEVNHSRETSIEMEESELDAQYLQNTFKVSKRQSFAPFSNPGNAEEECATFSAHSGSLKKQSPKVTFECEQKEENQGKNESNIKPVQTVNITAGFPVVGQKDKPVDNAKCSIKGGSRFCLSSQFRGNETGLITPNKHGLLQNPYRIPPLFPIKSFVKTKCKKNLLEENFEEHSMSPEREMGNENIPSTVSTISRNNIRENVFKEASSSNINEVGSSTNEVGSSINEIGSSDENIQAELGRNRGPKLNAMLRLGVLQPEVYKQSLPGSNCKHPEIKKQEYEEVVQTVNTDFSPYLISDNLEQPMGSSHASQVCSETPDDLLDDGEIKEDTSFAENDIKESSAVFSKSVQKGELSRSPSPFTHTHLAQGYRRGAKKLESSEENLSSEDEELPCFQHLLFGKVNNIPSQSTRHSTVATECLSKNTEENLLSLKNSLNDCSNQVILAKASQEHHLSEETKCSASLFSSQCSELEDLTANTNTQDPFLIGSSKQMRHQSESQGVGLSDKELVSDDEERGTGLEENNQEEQSMDSNLGEAASGCESETSVSEDCSGLSSQSDILTTQQRDTMQHNLIKLQQEMAELEAVLEQHGSQPSNSYPSIISDSSALEDLRNPEQSTSEKAVLTSQKSSEYPISQNPEGLSADKFEVSADSSTSKNKEPGVERSSPSKCPSLDDRWYMHSCSGSLQNRNYPSQEELIKVVDVEEQQLEESGPHDLTETSYLPRQDLEGTPYLESGISLFSDDPESDPSEDRAPESARVGNIPSSTSALKVPQLKVAESAQSPAAAHTTDTAGYNAMEESVSREKPELTASTERVNKRMSMVVSGLTPEEFMLVYKFARKHHITLTNLITEETTHVVMKTDAEFVCERTLKYFLGIAGGKWVVSYFWVTQSIKERKMLNEHDFEVRGDVVNGRNHQGPKRARESQDRKIFRGLEICCYGPFTNMPTDQLEWMVQLCGASVVKELSSFTLGTGVHPIVVVQPDAWTEDNGFHAIGQMCEAPVVTREWVLDSVALYQCQELDTYLIPQIPHSHY
BRCA1	P48754	BRCA1_MOUSE	Breast cancer type 1 susceptibility protein homolog (EC 2.3.2.27) (RING-type E3 ubiquitin transferase BRCA1)	Brca1	Mus musculus (Mouse)	1812	MDLSAVQIQEVQNVLHAMQKILECPICLELIKEPVSTKCDHIFCKFCMLKLLNQKKGPSQCPLCKNEITKRSLQGSTRFSQLAEELLRIMAAFELDTGMQLTNGFSFSKKRNNSCERLNEEASIIQSVGYRNRVRRLPQVEPGNATLKDSLGVQLSNLGIVRSVKKNRQTQPRKKSVYIELDSDSSEETVTKPGDCSVRDQELLQTAPQEAGDEGKLHSAEEAACEFSEGIRNIEHHQCSDDLNPTENHATERHPEKCQSISISNVCVEPCGTDAHASSLQPETSSLLLIEDRMNAEKAEFCNKSKQPGIAVSQQSRWAASKGTCNDRQVPSTGEKVGPNADSLSDREKWTHPQSLCPENSGATTDVPWITLNSSVQKVNEWFSRTGEMLTSDSASARRHESNAEAAVVLEVSNEVDGGFSSSRKTDLVTPDPHHTLMCKSGRDFSKPVEDNISDKIFGKSYQRKGSRPHLNHVTEIIGTFITEPQITQEQPFTNKLKRKRSTSLQPEDFIKKADSAGVQRTPDNINQGTDLMEPNEQAVSTTSNCQENKIAGSNLQKEKSAHPTESLRKEPASTAGAKSISNSVSDLEVELNVHSSKAPKKNRLRRKSSIRCALPLEPISRNPSPPTCAELQIDSCGSSEETKKNHSNQQPAGHLREPQLIEDTEPAADAKKNEPNEHIRKRRASDAFPEEKLMNKAGLLTSCSSPRKSQGPVNPSPQRTGTEQLETRQMSDSAKELGDRVLGGEPSGKTTDRSEESTSVSLVSDTDYDTQNSVSVLDAHTVRYARTGSAQCMTQFVASENPKELVHGSNNAGSGTEGLKPPLRHALNLSQEKVEMEDSELDTQYLQNTFQVSKRQSFALFSKPRSPQKDCAHSVPSKELSPKVTAKGKQKERQGQEEFEISHVQAVAATVGLPVPCQEGKLAADTMCDRGCRLCPSSHYRSGENGLSATGKSGISQNSHFKQSVSPIRSSIKTDNRKPLTEGRFERHTSSTEMAVGNENILQSTVHTVSLNNRGNACQEAGSGSIHEVCSTGDSFPGQLGRNRGPKVNTVPPLDSMQPGVCQQSVPVSDKYLEIKKQEGEAVCADFSPCLFSDHLEQSMSGKVFQVCSETPDDLLDDVEIQGHTSFGEGDIMERSAVFNGSILRRESSRSPSPVTHASKSQSLHRASRKLESSEESDSTEDEDLPCFQHLLSRISNTPELTRCSSAVTQRMPEKAEGTQAPWKGSSSDCNNEVIMIEASQEHQFSEDPRCSGSMFSSQHSAAQGSTANANSQDSNFIPPSKQRSHQCGNEEAFLSDKELISDNEEMATCLEEDNDQEEDSIIPDSEASGYESETNLSEDCSQSDILTTQQRATMKYNLIKLQQEMAHLEAVLEQRGNQPSGHSPSLLADPCALEDLPDLEPNMSGAAILTSKNINENPVSQNLKSACDDKFQLQHLEGPTSGDDESGMGRPSPFKSPLAGSRGSAHGCSRHLQKRNSPSQEELLQPAGSEASSEPHNSTGQSCLPRRELEGTPYLGSGISLFSSRDPESESPKEPAHIGTTPASTSALKIPQGQVAFRSAAAAGADKAVVGIVSKIKPELTSSEERADRDISMVVSGLTPKEVMTVQKFAEKYRLTLTDAITEETTHVIIKTDAEFVCERTLKYFLGIAGGKWIVSYSWVVRSIQERRLLNVHEFEVKGDVVTGRNHQGPRRSRESREKLFKGLQVYCCEPFTNMPKDELERMLQLCGASVVKELPSLTHDTGAHLVVIVQPSAWTEDSNCPDIGQLCKARLVMWDWVLDSLSSYRCRDLDAYLVQNITCDSSEPQDSND
BRCA1	Q6J6I8	BRCA1_GORGO	Breast cancer type 1 susceptibility protein homolog (EC 2.3.2.27) (RING-type E3 ubiquitin transferase BRCA1)	BRCA1	Gorilla gorilla gorilla (Western lowland gorilla)	1863	MDLSALRVEEVQNVINAMQKILECPICLELIKEPVSTKCDHIFCKFCMLKLLNQKKGPSQCPLCKNDITKRSLQESTRFSQLVEELLKIICAFQLDTGLEYANSYNFAKKENNSPEHLKDEVSIIQSTGYRSRAKRLLQSEPENPSLQETGLSVQVSNLGTVRTLRTKQRIQPQKKSVYIELGSDSSEDTVNKATYCSVGDQELLQITPQGTRDEISLDSAKKAACEFSETDVTNTEHHQPSNNDLNTTEKRATERHPEKYQGSSVSNLHVEPCGTNTHASSLQHENSSLLLTKDRMNVEKAEFCNKNKQPGLARSQHNRWAGSKETCNDRRTPSTEKKVDLNADPLCERNEWNKQKLPCSENPRDTEDVPWITLNSSIQKVNEWFSRSDELLGSDDSHDGGSESNAKVADVLDVLNEVDEYSGSSEKIDLLASDPHEALICKSERVHSKSVESNIEDKIFGKTYRRKASLPSLSHVTENLIIGAFVTEPQIIQERPLTNKLKRKRRATSGLHPEDFIKKADLAVQKTPEMINQGTNQMEQNGQVMNITNSGHENKTKGDSIQNEKNPNPIESLEKESAFKTKAEPISSCISNMELELNIHNSKAPKKNRLRRKSSTRHIHALELVVSRNLSPPNCTELQIDSCSSSEEIKKKKYNQMPVRHSRNLQLMEDKEPATGAKKSNKPNEQTSKRHDSDTFPELKLTNAPGSFTNCSNTSELKEFVNPSLPREEKEEKLETVKVSNNAEDPKDLMLSGERVLQTERSVESSSISLVPGTDYGTQESISLLEVSTLGKAKTEPHKCVSQCAAFENPKGLIHGCSKDTRNDTEGFKYPLGHEVNHSRETSIEMEESELDAQYLQNTFKVSKRQSFALFSNPGNPEEECATFSAHSRSLKKQSPKVTFECEQKEENQGKNESNIKPVQTVNITAGFPVVCQKDKPVDYAKCSIKGGSRFCLSSQFRGNETGLITPNKHGLLQNPYHIPPLFPIKSFVKTKCKKNLLEENFEEHSMSPEREMGNENIPSTVSTISRNNIRENVFKEASSSNINEVGSSTNEVGSSINEVGSSDENIQAELGRNRGPKLNAMLRLGVLQPEVYKQSLPGSNCKHPEIKKQEYEEVVQTVNTDFSPCLISDNLEQPMGSSHASQVCSETPDDLLDDGEIKEDTSFAKNDIKESSAVFSKNVQRGELSRSPSPFTHTHLAQGYRRGAKKLESSEENLSSEDEELPCFQHLLFGKVSNIPSQSTRHSTVATECLSKNTEENLLSLKNSLNDCSNQVILAKTSQEHHLSEETKCSASLFSSQCSELEDLTANTNTQDPFLIGSSKQMRHQSESQGVGLSDKELVSDDEERGTGLEENNQEEQSMDSNLGEAASGCESETSVSEDCSGLSSQSDILTTQQRDTMQDNLIKLQQEMAELEAVLEQHGSQPSNSYPSIISDSSALEDLRNPEQSTSEKAVLTSQKSSEYPISQNPEGLSADKFEVSADSSTSKNKEPGVERSSPSKCPSLDDRWYMHSCSGSLQNRNYPSQEELIKVVDVEEQQLEESGPHDLTETSYLPRQDLEGTPYLESGISLFSDDPESDPSEDRAPESAHVGNIPSSTSALKVPQLKVAESAQSPAAAHTTNTAGYHAMEESVSREKPELTASTERVNKRMSMVVSGLTPEEFMLVYKFARKHHITLTNLITEETTHVVMKTDAEFVCERTLKYFLGIAGGKWVVSYFWVTQSIKEGKMLNEHDFEVRGDVVNGRNHQGPKRARESQDRKIFRGLDICCYGPFTNMPTDQLEWMVQLCGASVVKELSSFTLGTGVHPIVVVQPDAWTEDNGFHAIGQMCEAPVVTREWVLDSVALYQCQELDTYLIPQIPHSHY
BRCA1	Q6J6I9	BRCA1_MACMU	Breast cancer type 1 susceptibility protein homolog (EC 2.3.2.27) (RING-type E3 ubiquitin transferase BRCA1)	BRCA1	Macaca mulatta (Rhesus macaque)	1863	MDLSAVRVEEVQNVINAMQKILECPICLELIKEPVSTKCDHIFCRFCMLKLLNQKKGPSQCPLCKNDITKRSLQESTRFSQLVEELLKIIHAFQLDTGLQFANSYNFAKKENHSPEHLKDEVSIIQSMGYRNRAKRLLQSEPENPSLQETSLSVPLSNLGIVRTLRTKQQIQPQKKSVYIELGSDSSEDTVNKATYCSVGDQELLQITPQGTRDETSLDSAKKAACEFSEKDITNTEHHQSSNNDLNTTEKHATERHPEKYQGSSVSNLHVEPCGTNTHASSLQHENSLLLTKDRMNVEKAEFCNKSKQPGLARSQHNRWTGSKETCNDRQTPSTEKKVDLNANALYERKEWNKQKLPCSENPRDAEDVPWITLNSSIQKVNEWFSRSDELLSSDDSHDGGSESNAKVADVLDVLNEVDEYSGSSEKIDLLASDPHEPLICKSERVHSSSVESNIKDKIFGKTYRRKANLPNLSHVTENLIIGALVTESQIMQERPLTNKLKRKRRTTSGLHPEDFIKKADLAVQKTPEIINQGTNQMEQNGQVMNITNSAHENKTKGDSIQNEKNPNAIESLEEESAFKTKAEPISSSINNMELELNIHNSKAPKKNRLRRKSSTRHIHALELVVSRNLSPPNCTELQIDSCSSSEEIKKKNYNQMPVRHSRNLQLMEDKESATGAKKSNKPNEQTSKRHASDTFPELKLTKVPGSFTNCSNTSELKEFVNPSLSREEKEEKLETVKVSNNAKDPKDLMLSGERVLQTERSVESSSISLVPDTDYGTQESISLLEVSTLGKAKTERNKCMSQCAAFENPKELIHGCSEDTRNDTEGFKYPLGSEVNHSQETSIEIEESELDTQYLQNTFKVSKRQSFALFSNPGNPEEECATFSAHSRSLKKQSPKVTSECEQKEENQGKKESNIKPVQTVNITAGFSVVCQKDKPVDNAKCSIKGGSRFCLSSQFRGNETGLITPNKHGLLQNPYHIPPLFPVKSFVKTKCNKNLLEENSEEHSVSPERAVGNENIIPSTVSTISHNNIRENAFKEASSSNINEVGSSTNEVGSSINEVGPSDENIQAELGRNRGPKLNAVLRLGLLQPEVCKQSLPISNCKHPEIKKQEHEELVQTVNTDFSPCLISDNLEQPMGSSHASEVCSETPDDLLDDGEIKEDTSFAANDIKESSAVFSKSIQRGELSRSPSPFTHTHLAQGYQKEAKKLESSEENLSSEDEELPCFQHLLFGKVSNIPSQTTRHSTVATECLSKNTEENLLSLKNSLTDCSNQVILAKASQEHHLSEETKCSGSLFSSQCSELEDLTANTNTQDPFLIGSSKRMRHQSESQGVGLSDKELVSDDEERGTGLEEDNQEEQSVDSNLGEAASGYESETSVSEDCSRLSSQSEILTTQQRDTMQDNLIKLQQEMAELEAVLEQHGSQPSNSYPSIITDSSALEDLRNPEQSTSEKAVLTSQKSSEYPINQNPEGLSADKFEVSADSSTSKNKEPGVERSSPSKCQSLEDRWYVHSSSGSLQNGNYPSQEELIKVVDVETQQLEKSGPHDLMEPSYLPRQDLDGTPYLESGISLFSDDPESDPSEDRAPESAHVGSIPSSTSALKVPQWQVAESAQSPAAAHNTNTAGYNAMEESVSRENPKLTASTERVNKRMSLVVSGLTPEEFMLVYKFARRYHIALTNLISEETTHVVMKTDAEFVCERTLKYFLGIAGGKWVVSYFWVTQSIKERKMLNEHDFEVRGDVVNGRNHQGPKRARESPDRKIFRGLEICCYGPFTNMPTDQLEWMVQLCGASVVKELSSFTLGTGFHPIVVVQPDAWTEDNGFHAIGQMCEAPVVTREWVLDSVALYQCQELDTYLIPQIPHSHY
BRCA1	Q6J6J0	BRCA1_PONPY	Breast cancer type 1 susceptibility protein homolog (EC 2.3.2.27) (RING-type E3 ubiquitin transferase BRCA1)	BRCA1	Pongo pygmaeus (Bornean orangutan)	1863	MDLSAVRVEEVQNVINAMQKILECPICLELIKEPVSTKCDHIFCKFCMLKLLNQKKGPSQCPLCKNDITKRSLQESTRFSQLVEELLKIICAFQLDTGLQYANSYNFAKKENNSPEHLKDEVSIIQSMGYRNRAKRLLQSEPENPSLQETSPSVQLSNLGTVRTLRTKQRIQPQKKSVYIELGSDSSEDTVNKATYCSVGDQELLQITPQGTSDEISLDSAKKAACEFSETDVTNTEHHQPSNNDLNTTEKRATERHPEKYQGSSVSNLHVEPCGTNTHASSLQHENSSLLLTKDRMNVEKAEFCNKSKQPGLARSQHNRWAGSKETCNDRQTPSTEKKVDLNADPLCERKEWNKQKLPCSENPRDTEDVPWITLNSSIQKVNEWFSRSDELLGSDDSHDGRSESNAKVADVLDVLNEVDEYSGSSEKIDLLASDPHEALICKSERVHSKSVESNIEDKIFGKTYRRKASLPNLSHVTENLIIGAFVTEPQIIQERPLTNKLKRKRRATSGLHPEDFIKKADLAVQKTPEMINQGTNQMEQNGQVMNITNSGHENKTKGDSIQNEKNPNPIESLEKESAFKTKAEPISSSISNMELELNIHNSKAPKKNRLRRKSSTRHIHALELVVSRNLSPPNCTELQIDSCSSSEEIKKKKYNQMPVRHSRNLQLMEDKEPATGAKKSNKPNEQTSKRHDSDTFPELKLTNAPGSFTNCSNTSELKEFVNPSLPREEKEEKLGTVKVSNNAKDPKDLMLSGERVLQTERSVESSSISLVPGTDYGTQESISLLEVSTLGKAKTEPNKCVSQCAAFENPKELIHGCFKDTRNDTEGFKYPLGHEVNHSQETSIEMEESELDTQYLQNTFKVSKRQSFALFSNPGNPEEECATFSAHSRSLKKQSPKVTFECEQKEENQGKNESNIKPVQTANITAGFPVVCQKDKPVDYAKCSIKGGSRFCLSSQFRGNETGLITPNKHGLSQNPYHIPPLFPIKSFVKTKCKKNLLEENSEEHSMSPEREMGNENIPSTVSIISRNNIRENVFKEASSSNINEVGSSTNEVGSSINEVGSSDENIQAELGRSRGPKLNAMLRLGVLQPEVYKQSFPGSNGKHPEIKKQEYEEVLQTVNTDFSPCLISDNLEQPMRSSHASQVCSETPNDLLDDGEIKEDTSFAENDIKESSAVFSKSVQRGELSRSPSPFTHTHLAQGYRRGAKKLESSEENLSSEDEELPCFQHLLFGKVSNIPSQSTRHSTVATECLSKNTEENLLSLKNSLNDYSNQVILVKASQEHHLSEETKCSASLFSSQCSELEDLTANTNTQDRFFIGSSKQMRHQSESQGVGLSDKELVSDDEERGTDLEENNQEEQGVDSNLGEAASGYESETSVSEDCSGLSSQSDILTTQQRDTMQDNLIKLQQEMAELEAVLEQHGSQPSNSYPSIISDSSALEDLRNPEQSTSEKAVLTSQKSSEYPISQNPEGLSADKFEVSADSSTNKNKEPGVERSSPSKCPSLDDRWYMHSCSGSLQNGNYPSQEELIKVVDVEKQQLEESGPHDLTEPSYLPRQDLEGTPYLESGISLFSDDPESDASEDRAPESAHVGSIPSSTSALKVPQLKVAESAQSPAAAQTTNTAGYNAMEESVSREKPELTASTERVNKRMSMVVSGLTPEEFMLVYKFARKHHITLTNLITEETTHVVMKTDAEFVCERTLKYFLGIAGGKWVVSYFWVTQSIKERKMLNEHDFEVRGDVVNGRNHQGPKRARESQDRKIFRGLEICCYGPFTNMPTDQLEWIVQLCGASVVKELSSFTLGTGVHPIVVVQPDAWTEDNGFHAIGQMCEAPVVTREWVLDSVALYQCQELDTYLIPQIPHSHY
BRCA1	Q864U1	BRCA1_BOVIN	Breast cancer type 1 susceptibility protein homolog (EC 2.3.2.27) (RING-type E3 ubiquitin transferase BRCA1)	BRCA1	Bos taurus (Bovine)	1849	MDLSADHVEEVQNVLNAMQKILECPICLELIKEPVSTKCDHIFCKFCMLKLLNQKKGPSQCPLCKNDITKRSLQESTRFSQLVEELLKIIHAFELDTGLQFANSYNFSRKEDNSPEHLKEEVSIIQSMGYRNRAKRLWQSEPENPTLQETSLTVELSNLGIVRSLRTKQQTQSQNKSVYIELGSDSSEDTVNKASYFSVGDHELLEITPQGAKAKTNLNPAEKAACEFSEKDITNTEHHQLSIKDLITTQKHATETHPEKYQGISVSDFHVEPCGTDTHASSLQHENSSLLLTENRLNVEKAEFCNKSKQPVLVKSQQSRWAESKGTCKDRQIPSTEKKIVLNTDPLYRRKELRKQKPACPDSPGDSQDVPWVTLNNSIQKVNDWFSRSDEILTSDDSCDGGSESNNEVAGAVEIPNKVDGYSGSSEKINLMASDPHGTLIHERVHSKPVESNIEDKIFGKTYRRKSSLPNFSHIAEDLILGAFTVEPQITQEQPLTNKLKCKRRGTSGLQPEDFIKKVDLTIVPKTPEKMTEGTDQTEQKCHGMNITSDGHENKTKRDYVQKEQNANPAESLEKESVFRTEAEPISISISNMELELNIHRSKAPKNRLKRKSSTRKIPELELVVSRNPSLPNHTELPIDSSSSNEEMKKKHSSQMPVRQSQKLQLIGDKELTAGAKNNKTYEQINKRLASDAFPELKLTNTPGYFTNCSSKPEEFVHPSLQREENLGTIQVSNSTKDPKDLILREGKALQIERSVESTNISLVPDTDYSTQDSISLLEAKTPEKAKTAPNPCVSLCTATKNLKELIHRDFKDTKNNTEGFQDLLGHDINYVIQETSREMEDSELDTQYLQNTFKASKRQTFALFSNPGNPQKECATVFAHSGSLRDQSPRDPLKCRQKEDSQGKSESKSQHVQAICTTVHFPVADQQDRTPGDDAKCSAKEVTRVCQSSQLRGHKTELVFANKQGVSEKPNLIPSLSPIKSSVKTICKKSPSEKFEEPVTSPEKTLGSESIIQSAVSTISQNNIQESTFKEVSSNSVNEVGSSTNEVGSSVNEVGSSGENIQAEPGRNREPKLRALLGLGLTQPEVYKQSLPVSNCHHPEIKRQGENEDMPQAVKADFSPCLISDNLEQPTGSRHASQVCSETPDNLLNDDEIKENSHFAESDIKERSAVFSESVQKGEFRGSPGPFTHTHLAQGHQRGAGKLESEETVSSEDEELPCFQQLLFGKVTSTLSPSTGCNTVATEGLSKETEGNLESLKSGLNDCSGQVTSAKVSQEHHLNEEARCSGSLFSSQCSAMEDLTTNTNTQDPFLMFERPSKQVYQSESEEVLSDKELVSDDEERETGLEEDSCQEEQSVDSDLGEAVSDHVSETSLSEDGVGLSSQSDILTTQQRDTMQDNLLKLQQEMAELEAVLERHGSQPSHSSASLTADSRGPEHLLNLEQDTSERAILTSEKSRDYSRSQNPESLSADKFPVSLDSSTNKNKEPGMERSSASKFQLSYNRWYMHSSRSLQDRNCPSQKEPINVADMEEQQLAKREAQDLMGSFLPRQDQEGTPYLKSGISLFSHEPESDPSEDRAAEPAHVHSMPPSASALKLSQFRVEESTKNPAAAHIANTTRCNLREESMSKEKPEVISSTERSKKRLSMVASGLTPKELMLVQKFARKHHVTLTNLITEETTHVIMKTDPEFVCERTLKYFLGIAGGKWVVSYFWVTQSIKEGKMLDEHDFEVRGDVVNGRNHQGPKRARESRDKKIFKGLEICCYGPFTNMPTDQLEWMVQLCGASVVKEPSSFTPDQGTHPVVVVQPDAWTEDAGFHVIGQMCEAPVVTREWVLDSVALYQCQELDTYLVP
BRCA1	Q8RXD4	BRCA1_ARATH	Protein BREAST CANCER SUSCEPTIBILITY 1 homolog (AtBRCA1)	BRCA1 At4g21070 T13K14.230	Arabidopsis thaliana (Mouse-ear cress)	941	MADTSHLERMGRELKCPICLSLYNSAVSLSCNHVFCNACIVKSMKMDATCPVCKIPYHRREIRGAPHMDSLVSIYKNMEDASGIKLFVSQNNPSPSDKEKQVRDASVEKASDKNRQGSRKGRASKRNEYGKTKEIDVDAPGPIVMKPSSQTKKRVQLLQNLSAESLTKPTESVETAEKPKDYTENTVIRLDEHPSLNKEGNLSPFFWLRDEDDGENSSQRTESDQLLGTTPVNVPSFSDLMDSDHESPSKEDEQQKPNPGDMFDSEMFEWTQRPCSPEILPSPVKAKVLGRDEIDLTQKKLPKVKVASSKCKNRKAGSARNTVARRSIGVSQEDNMESSAAATISEQQDSRGTSGTIIRNDVNTDENVKAKRATRSKAQSTRVQSDLNVSNEADGKQGTKRKRSSIKSSPAHPIAGPNELSLGTEIVGKGDQDQAHGPSDTHPEKRSPTEKPSLKKRGRKSNASSSLKDLSGKTQKKTSEKKLKLDSHMISSKATQPHGNGILTAGLNQGGDKQDSRNNRKSTVGKDDHTMQVIEKCSTINKSSSGGSAHLRRCNGSLTKKFTCAFCQCSEDTEASGEMTHYYRGEPVSADFNGGSKVIHVHKNCAEWAPNVYFNDLTIVNLDVELTRSRRISCSCCGLKGAALGCYNKSCKNSFHVTCAKLIPECRWDNVKFVMLCPLDASIKLPCEEANSKDRKCKRTPKEPLHSQPKQVSGKANIRELHIKQFHGFSKKLVLSCSGLTVEEKTVIAEFAELSGVTISKNWDSTVTHVIASINENGACKRTLKFMMAILEGKWILTIDWIKACMKNTKYVSEEPYEITMDVHGIREGPYLGRQRALKKKPKLFTGLKFYIMGDFELAYKGYLQDLIVAAGGTILRRRPVSSDDNEASTIVVFSVEPSKKKTLTQRRSDAEALAKSARARAASSSWVLDSIAGCQILVLI
BRCA1	Q95153	BRCA1_CANLF	Breast cancer type 1 susceptibility protein homolog (EC 2.3.2.27) (RING-type E3 ubiquitin transferase BRCA1)	BRCA1	Canis lupus familiaris (Dog) (Canis familiaris)	1878	MDLSADRVEEVQNVLNAMQKILECPICLELIKEPVSTKCDHIFCKFCMLKLLNQRKGPSQCPLCKNDITKRSLQESTRFSQLVEELLKIIHAFELDTGLQFADSYNFSKKENNSPEHLKEEVSIIQSMGYRNRAKRLRQSEPENPTLETSLSVQLSNLGIVRSLRTKQQIQPQNKSVYIELGSDSSEDTVNKASSCSVGDDELEITSQGARAEASLNPAKKAACEFSGDITNIEHHQSSNKDLTTTEKHATKKHPEKYQGISVSNLHVEPCGTNTHASSLQHENSSLLLTKHRMNVEKAEICNNSKQPGLARSQQSRWAESKETCNDRQIPSTEKKVVVNADLLCGRKELNKQKPPHSDSPRDSQDVPWITLNSSIRKVNEWFSRSDEILTSDDSHDRGSELNTEVGGAVEVPNEVGEYSGSSEKIDLMASDPQDAFICESERVHTKPVGGNIEDKIFGKTYRRKASLPKVSHTTEVLTIGACAIEPQTMQTHPFMNKAEHKRRTTSSLHPEDFIKKVELGIVPKTPEKLIEGINQIKRDGHVINITNNGPENETEGDYVQKEKNANPTESLEKESAFRTKTEPMSSRISNMELELNSSSSKAPKKNRLRRKSSARHTCALEFVVNRNLNPPDHSELQIESCSSSEEMKKQHLDQVPVRHNKTLQLMQDKEPAGRAKKSSKPGEQINKRLASHAFPELTLTNVSGFFANYSSSSKPQECINPGLRREEIEESRRMTQVSDSTRDPKELVLSGGRGLQTERSVESTSISLVLDTDYGTQDSISLLEADTLRKAKTVSNQQANLCATIENPKEPIHGCSKDTRNDTEGFVVPLTCKDNHTQETSIEMEESELDTQCLRNMFKVSKRQSFALFSYPRDPEEDCVTVCPRSGAFGKQGPKVTLECGQKEESQGKKESEIRHVQAVHTNAGFSAVSQKAKKPGDFAKCSIKGVSRLCLSSQFKGKETELLIANYHGISQNPYHIPPLSPIRSCVKTLCQENLSEEKFEQHSMSPERAVGNERVIQSTVSTISQNNIRECASKEVGSSSVNEVVSSTNEVGSSVNEVGSSGENIQAELGRNRGPKLNAMLRLGLMQPEVCKQSLSLSNCKHPEMKWQGQSEGAVLSVSADFSPCLISDNPEQPMGSSRSSQVCSETPDDLLNGDKIKGKVSFAESDIKEKSAVFSKSVQSGEFSRSPSPSDHTRLAQGYQRGTKKLESSEENMSSEEEELPCFQHLIFGKVTNMPSQSTSHNAVAAEGLSNKTEENLDSLKNSLSDISNQVPSAKASQEHHLSEEARCSGSLFSSQCSALEDLTVNTNTQDPFSMFDPTSKQVRHQSENLDVLNDKELVSDDDDEREPGLEEDSPQEEQSVDSDLGEVASGYESETSLSEDCSRLSSQSDILTTQQRDTMQDNLIKLQQEMAELEAVLEQHESQPSNSSPSLIADSCSPEDLLNPEQNASERVLTSEKSSDSPISQNPESLSTDKFQVFLDSSTSKNGEPGMIRSSPSQSRLLDTRWYVHSCPRSLQDTNCPSQKELTKVVSMEEQQPTESEARDLMEQSYLSRPDLEGAPYLESGISLFSDDPESDPSSHRASELAHVSSMPTSTSALKLPQFQVEESAKSTAAVHIASTAGYNKSEDSVGIEKPEVISSTRGVNKRISMVASGLTPKEFMLVHKFARKHHISLTNLISEETTHVIMKTDAEFVCERTLKYFLGIAGGKWVVSYFWVTQSIKERKILDEHDFEVRGDVVNGRNHQGPKRARESQDRESQDRKIFRGLEICCYGPFTNMPTDQLEWMVHLCGASVVKEPSLFTLSKGTHPVVVVQPDAWTEDSGFHAIGQMCEAPVVTREWVLDSVALYQCQELDTYLIPQIPRTAADSSQPCV
BRCA1	Q9GKK8	BRCA1_PANTR	Breast cancer type 1 susceptibility protein homolog (EC 2.3.2.27) (RING-type E3 ubiquitin transferase BRCA1)	BRCA1	Pan troglodytes (Chimpanzee)	1863	MDLSALRVEEVQNVINAMQKILECPICLELIKEPVSTKCDHIFCKFCMLKLLNQKKGPSQCPLCKNDITKRSLQESTRFSQLVEELLKIICAFQLDTGLEYANSYNFAKKENNSPEHLKDEVSIIQSMGYRNRAKRLLQSEPENPSLQETSLSVQLSNLGTVRTLRTKQRIQPQKKSVYIELGSDSSEDTVNKATYCSVGDQELLQITPQGTRDEISLDSAKKAACEFSETDVTNTEHHQPSNNDLNTTEKRATERHPEKYQGSSVSNLHVEPCGTNTHASSLQHENSSLLLTKDRMNVEKAEFCNKSKQPGLARSQHNRWAGSKETCNDRRTPSTEKKVDLNADPLCERKEWNKQKLPCSENPRDTEDVPWITLNSSIQKVNEWFSRSDELLGSDDSHDGGSESNAKVADVLDVLNEVDEYSGSSEKIDLLASDPHEALICKSERVHSKSVESNTEDKIFGKTYRRKASLPNLSHVTENLIIGAFVTEPQIIQERPLTNKLKRKRRATSGLHPEDFIKKADLAVQKTPEMINQGTNQMEQNGQVMNITNSGHENKTKGDSIQNEKNPNPIESLEKESAFKTKAEPISSSISNMELELNIHNSKAPKKNRLRRKSSTRHIHALELVVSRNLSPPNCTELQIDSCSSSEEIKKKKYNQMPVRHSRNLQLMEDKEPATGVKKSNKPNEQTSKRHDSDTFPELKLTNAPGSFTNCSNTSELKEFVNPSLPREEKEEKLETVKVSNNAEDPKDLMLSGERVLQTERSVESSSISLVPGTDYGTQESISLLEVSTLGKAKTEPNKCVSQCAAFENPKGLIHGCSKDTRNDTEGFKYPLGHEVNHSRETSIEMEESELDAQYLQNTFKVSKRQSFALFSNPGNPEEECATFSAHCRSLKKQSPKVTFEREQKEQNQGKNESNIKPVQTVNITAGFPVVCQKDKPVDYAKCSIKGGSRFCLSSQFRGNETGLITPNKHGLLQNPYHIPPLFPIKSFVKTKCKKNLLEENFEEHSMSPEREMGNENIPSTVSTISRNNIRENVFKEASSSNINEVGSSTNEVGSSINEVGSSDENIQAELGRNRGPKLNAMLRLGVLQPEVYKQSLPGSNCKHPEIKKQEYEEVVQTVNTDFSPCLISDNLEQPMGSSHASQVCSETPDDLLDDGEIKEDTSFAENDIKESSAVFSKSVQRGELSRSPSPFTHTHLAQGYRRGAKKLESSEENLSSEDEELPCFQHLLFGKVSNIPSQSTRHSTVATECLSKNTEENLLSLKNSLNDCSNQVILAKASQEHHLSEETKCSASLFSSQCSELEDLTANTNTQDPFLIGSSKQMRHQSESQGVGLSDKELVSDDEERGTGLEENNQEEQSMDSNLGEAASGCESETSVSEDCSGLSSQSDILTTQQRDTMQDNLIKLQQEMAELEAVLEQHGSQPSNSYPSIISDSSALEDLQNPEQSTSEKAVLTSQKSSEYPISQNPEGLSADKFEVSADSSTSKNKEPGVERSSPSKCPSLDDRWYMHSCSGSLQNRNYPSQEELIKVVDVEEQQLEESGPHDLTETSYLPRQDLEGTPYLESGISLFSDDPESDPSEDKAPESAHVGNIPSSTSALKVPQLKVAESAQSPAAAHTTNTAGYNAMEESVSREKPELTASTERVNKRMSMVVSGLTPEEFMLVYKFARKHHITLTNLITEETTHVVMKTDAEFVCERTLKYFLGIAGGKWVVSYFWVTQSIKERKMLNEHDFEVRGDVVNGRNHQGPKRARESQDRKIFRGLEICCYGPFTNMPTDQLEWMVQLCGASVVKELSSFTLGTGVHPIVVVQPDAWTEDNGFHAIGQMCEAPVVTREWVLDSVALYQCQELDTYLIPQIPHSHY
